--IMPORTANT: create database :: github_challenge

CREATE TABLE users (
 id SERIAL PRIMARY KEY,
 github_url varchar(50),
 email varchar(50),
 display_name varchar(200),
 authToken varchar(255),
 user_id varchar(20),
 profile_photo varchar(255),
 auth_level varchar(100)
);


-- holds all the forms that have been created
CREATE TABLE form_history (
id SERIAL PRIMARY KEY,
form_title varchar(50),
form_description varchar(250),
form_questions json
);

-- what is the active survey? what is the active sprint?
CREATE TABLE admin (
currentSurvey integer,
currentSprint integer
);

-- Sprint History table
CREATE TABLE sprint_history (
  id SERIAL PRIMARY KEY,
  sprint_name varchar(50),
  start_date varchar(15),
  currentSprint boolean
);


-- EMAIL WHITELIST --
CREATE TABLE whitelist (
id SERIAL PRIMARY KEY,
email varchar(100)
);

--holds full user lawn--
CREATE TABLE user_lawns (
github varchar(50),
date varchar(30),
did_commit boolean,
commits integer
);





-- TEMPLATES FOR PG QUERIES
-- generic sprint data table template
CREATE TABLE SPRINTNAME_data (
github varchar(50), -- relational mark
date varchar(12),
commits boolean
);

-- generic sprint team table
CREATE TABLE SPRINTNAME_teams (
id SERIAL PRIMARY KEY,
github varchar(50), -- realational mark
team varchar(50)
);




-- SPRINT 2 TEAM TABLE!!
INSERT INTO s2_teams (github, team)
VALUES ('scottbromander', null),
('emkerber', null),
('HillaryManning', null),
('McCully', null),
('schooolman', null),
('hankandre', null),
('cwklausing', null),
('Mandosis', null),
('maykid24', null),
('4cm4k1', null),
('corinamarie', null),
('bljohnson', null),
('clarejacky', null),
('Ludstuen90', null),
('oliverlangmo', null),
('mulchy', null),
('romstevens', null),
('Shinybirdy', null),
('katiebvogel', null),
('jonwilsoncomedy', null),
('nickrenfo2', null),
('minimart', null),
('gfrethem', null),
('libbylondon11', null),
('Increvateur', null),
('savionguyen', 'eros'),
('aaronrmcgrath', 'eros'),
('wallacewylie', 'eros'),
('fsheahan', 'eros'),
('dannyRitter', 'eros'),
('BennettBatzli', 'dactyl'),
('patkahnke', 'dactyl'),
('joshgressman', 'dactyl'),
('ginityson', 'dactyl'),
('russellpipal', 'dactyl'),
('aminge37', 'europa'),
('SamSunders', 'europa'),
('aharasymiw', 'europa'),
('monifrancesca', 'europa'),
('Littlewhelan', 'europa'),
('glydeb', 'gaspra'),
('mikelseverson', 'gaspra'),
('oakesjessica', 'gaspra'),
('carnesen', 'gaspra'),
('atousley', 'gaspra'),
('cairnstan', 'ida'),
('skylerdegrote', 'ida'),
('shklein', 'ida'),
('laurakressin', 'ida'),
('eca12v', 'ida'),
('enriqueortega', 'ida'),
('jmanders85', 'io'),
('mhwalsh', 'io'),
('caitecoll', 'io'),
('bpeterson1663', 'io'),
('ekimlinger', 'io'),
('peters313', 'deimos'),
('Adia-A', 'deimos'),
('rohran01', 'deimos'),
('ekmpls', 'deimos'),
('JScearcy', 'deimos'),
('tthoraldson', 'linus'),
('jtorborg', 'linus'),
('IamUnInc', 'linus'),
('kerij', 'linus'),
('dennycheng', 'linus'),
('twinklefingers', 'linus'),
('lpuhl', 'linus'),
('kmaimn', 'linus'),
('coreypeck', 'linus'),
('Spengs', 'linus'),
('dkuntz811', 'linus'),
('andrewwiskus', 'linus'),
('adameastvold', 'linus'),
('lizhaak', 'linus'),
('2trill2spill', 'linus');





-- BRAND NEW DATA --
-- s2_data --
INSERT INTO s2_data (github, date, commits)
VALUES ('scottbromander', '2016-08-23', 1),
('scottbromander', '2016-08-24', 1),
('scottbromander', '2016-08-25', 1),
('scottbromander', '2016-08-26', 1),
('scottbromander', '2016-08-27', 1),
('scottbromander', '2016-08-28', 1),
('scottbromander', '2016-08-29', 1),
('scottbromander', '2016-08-30', 1),
('scottbromander', '2016-08-31', 1),
('scottbromander', '2016-09-01', 1),
('scottbromander', '2016-09-02', 1),
('scottbromander', '2016-09-03', 1),
('scottbromander', '2016-09-04', 1),
('scottbromander', '2016-09-05', 1),
('scottbromander', '2016-09-06', 1),
('scottbromander', '2016-09-07', 1),
('scottbromander', '2016-09-08', 1),
('scottbromander', '2016-09-09', 1),
('scottbromander', '2016-09-10', 1),
('scottbromander', '2016-09-11', 1),
('scottbromander', '2016-09-12', 1),
('scottbromander', '2016-09-13', 1),
('scottbromander', '2016-09-14', 1),
('scottbromander', '2016-09-15', 1),
('scottbromander', '2016-09-16', 1),
('scottbromander', '2016-09-17', 1),
('scottbromander', '2016-09-18', 1),
('scottbromander', '2016-09-19', 1),
('scottbromander', '2016-09-20', 1),
('scottbromander', '2016-09-21', 1),

('savionguyen', '2016-08-23', 1),
('savionguyen', '2016-08-24', 1),
('savionguyen', '2016-08-25', 1),
('savionguyen', '2016-08-26', 1),
('savionguyen', '2016-08-27', 1),
('savionguyen', '2016-08-28', 1),
('savionguyen', '2016-08-29', 1),
('savionguyen', '2016-08-30', 1),
('savionguyen', '2016-08-31', 1),
('savionguyen', '2016-09-01', 1),
('savionguyen', '2016-09-02', 1),
('savionguyen', '2016-09-03', 1),
('savionguyen', '2016-09-04', 1),
('savionguyen', '2016-09-05', 0),
('savionguyen', '2016-09-06', 0),
('savionguyen', '2016-09-07', 0),
('savionguyen', '2016-09-08', 0),
('savionguyen', '2016-09-09', 0),
('savionguyen', '2016-09-10', 0),
('savionguyen', '2016-09-11', 0),
('savionguyen', '2016-09-12', 0),
('savionguyen', '2016-09-13', 0),
('savionguyen', '2016-09-14', 0),
('savionguyen', '2016-09-15', 0),
('savionguyen', '2016-09-16', 0),
('savionguyen', '2016-09-17', 0),
('savionguyen', '2016-09-18', 0),
('savionguyen', '2016-09-19', 0),
('savionguyen', '2016-09-20', 0),
('savionguyen', '2016-09-21', 0),

('aaronrmcgrath', '2016-08-23', 0),
('aaronrmcgrath', '2016-08-24', 1),
('aaronrmcgrath', '2016-08-25', 1),
('aaronrmcgrath', '2016-08-26', 0),
('aaronrmcgrath', '2016-08-27', 1),
('aaronrmcgrath', '2016-08-28', 1),
('aaronrmcgrath', '2016-08-29', 1),
('aaronrmcgrath', '2016-08-30', 1),
('aaronrmcgrath', '2016-08-31', 1),
('aaronrmcgrath', '2016-09-01', 0),
('aaronrmcgrath', '2016-09-02', 0),
('aaronrmcgrath', '2016-09-03', 0),
('aaronrmcgrath', '2016-09-04', 0),
('aaronrmcgrath', '2016-09-05', 0),
('aaronrmcgrath', '2016-09-06', 1),
('aaronrmcgrath', '2016-09-07', 1),
('aaronrmcgrath', '2016-09-08', 1),
('aaronrmcgrath', '2016-09-09', 1),
('aaronrmcgrath', '2016-09-10', 0),
('aaronrmcgrath', '2016-09-11', 0),
('aaronrmcgrath', '2016-09-12', 1),
('aaronrmcgrath', '2016-09-13', 0),
('aaronrmcgrath', '2016-09-14', 0),
('aaronrmcgrath', '2016-09-15', 0),
('aaronrmcgrath', '2016-09-16', 0),
('aaronrmcgrath', '2016-09-17', 0),
('aaronrmcgrath', '2016-09-18', 0),
('aaronrmcgrath', '2016-09-19', 0),
('aaronrmcgrath', '2016-09-20', 0),
('aaronrmcgrath', '2016-09-21', 0),

('wallacewylie', '2016-08-23', 1),
('wallacewylie', '2016-08-24', 1),
('wallacewylie', '2016-08-25', 1),
('wallacewylie', '2016-08-26', 1),
('wallacewylie', '2016-08-27', 1),
('wallacewylie', '2016-08-28', 1),
('wallacewylie', '2016-08-29', 1),
('wallacewylie', '2016-08-30', 1),
('wallacewylie', '2016-08-31', 1),
('wallacewylie', '2016-09-01', 1),
('wallacewylie', '2016-09-02', 1),
('wallacewylie', '2016-09-03', 1),
('wallacewylie', '2016-09-04', 1),
('wallacewylie', '2016-09-05', 1),
('wallacewylie', '2016-09-06', 1),
('wallacewylie', '2016-09-07', 1),
('wallacewylie', '2016-09-08', 1),
('wallacewylie', '2016-09-09', 1),
('wallacewylie', '2016-09-10', 1),
('wallacewylie', '2016-09-11', 1),
('wallacewylie', '2016-09-12', 1),
('wallacewylie', '2016-09-13', 1),
('wallacewylie', '2016-09-14', 1),
('wallacewylie', '2016-09-15', 0),
('wallacewylie', '2016-09-16', 1),
('wallacewylie', '2016-09-17', 1),
('wallacewylie', '2016-09-18', 1),
('wallacewylie', '2016-09-19', 1),
('wallacewylie', '2016-09-20', 1),
('wallacewylie', '2016-09-21', 1),

('fsheahan', '2016-08-23', 1),
('fsheahan', '2016-08-24', 1),
('fsheahan', '2016-08-25', 1),
('fsheahan', '2016-08-26', 1),
('fsheahan', '2016-08-27', 1),
('fsheahan', '2016-08-28', 1),
('fsheahan', '2016-08-29', 1),
('fsheahan', '2016-08-30', 1),
('fsheahan', '2016-08-31', 1),
('fsheahan', '2016-09-01', 1),
('fsheahan', '2016-09-02', 1),
('fsheahan', '2016-09-03', 1),
('fsheahan', '2016-09-04', 1),
('fsheahan', '2016-09-05', 1),
('fsheahan', '2016-09-06', 1),
('fsheahan', '2016-09-07', 1),
('fsheahan', '2016-09-08', 1),
('fsheahan', '2016-09-09', 1),
('fsheahan', '2016-09-10', 1),
('fsheahan', '2016-09-11', 1),
('fsheahan', '2016-09-12', 1),
('fsheahan', '2016-09-13', 1),
('fsheahan', '2016-09-14', 1),
('fsheahan', '2016-09-15', 1),
('fsheahan', '2016-09-16', 1),
('fsheahan', '2016-09-17', 1),
('fsheahan', '2016-09-18', 1),
('fsheahan', '2016-09-19', 1),
('fsheahan', '2016-09-20', 1),
('fsheahan', '2016-09-21', 1),

('dannyRitter', '2016-08-23', 1),
('dannyRitter', '2016-08-24', 1),
('dannyRitter', '2016-08-25', 1),
('dannyRitter', '2016-08-26', 1),
('dannyRitter', '2016-08-27', 1),
('dannyRitter', '2016-08-28', 1),
('dannyRitter', '2016-08-29', 1),
('dannyRitter', '2016-08-30', 1),
('dannyRitter', '2016-08-31', 0),
('dannyRitter', '2016-09-01', 1),
('dannyRitter', '2016-09-02', 0),
('dannyRitter', '2016-09-03', 1),
('dannyRitter', '2016-09-04', 0),
('dannyRitter', '2016-09-05', 1),
('dannyRitter', '2016-09-06', 0),
('dannyRitter', '2016-09-07', 0),
('dannyRitter', '2016-09-08', 0),
('dannyRitter', '2016-09-09', 0),
('dannyRitter', '2016-09-10', 0),
('dannyRitter', '2016-09-11', 0),
('dannyRitter', '2016-09-12', 0),
('dannyRitter', '2016-09-13', 0),
('dannyRitter', '2016-09-14', 0),
('dannyRitter', '2016-09-15', 0),
('dannyRitter', '2016-09-16', 0),
('dannyRitter', '2016-09-17', 0),
('dannyRitter', '2016-09-18', 0),
('dannyRitter', '2016-09-19', 0),
('dannyRitter', '2016-09-20', 0),
('dannyRitter', '2016-09-21', 0),

('BennettBatzli', '2016-08-23', 1),
('BennettBatzli', '2016-08-24', 1),
('BennettBatzli', '2016-08-25', 1),
('BennettBatzli', '2016-08-26', 1),
('BennettBatzli', '2016-08-27', 1),
('BennettBatzli', '2016-08-28', 1),
('BennettBatzli', '2016-08-29', 1),
('BennettBatzli', '2016-08-30', 1),
('BennettBatzli', '2016-08-31', 1),
('BennettBatzli', '2016-09-01', 1),
('BennettBatzli', '2016-09-02', 1),
('BennettBatzli', '2016-09-03', 1),
('BennettBatzli', '2016-09-04', 1),
('BennettBatzli', '2016-09-05', 1),
('BennettBatzli', '2016-09-06', 1),
('BennettBatzli', '2016-09-07', 1),
('BennettBatzli', '2016-09-08', 1),
('BennettBatzli', '2016-09-09', 1),
('BennettBatzli', '2016-09-10', 1),
('BennettBatzli', '2016-09-11', 1),
('BennettBatzli', '2016-09-12', 1),
('BennettBatzli', '2016-09-13', 1),
('BennettBatzli', '2016-09-14', 1),
('BennettBatzli', '2016-09-15', 1),
('BennettBatzli', '2016-09-16', 1),
('BennettBatzli', '2016-09-17', 1),
('BennettBatzli', '2016-09-18', 1),
('BennettBatzli', '2016-09-19', 1),
('BennettBatzli', '2016-09-20', 1),
('BennettBatzli', '2016-09-21', 1),

('patkahnke', '2016-08-23', 1),
('patkahnke', '2016-08-24', 1),
('patkahnke', '2016-08-25', 1),
('patkahnke', '2016-08-26', 1),
('patkahnke', '2016-08-27', 1),
('patkahnke', '2016-08-28', 1),
('patkahnke', '2016-08-29', 1),
('patkahnke', '2016-08-30', 1),
('patkahnke', '2016-08-31', 1),
('patkahnke', '2016-09-01', 1),
('patkahnke', '2016-09-02', 1),
('patkahnke', '2016-09-03', 1),
('patkahnke', '2016-09-04', 1),
('patkahnke', '2016-09-05', 1),
('patkahnke', '2016-09-06', 1),
('patkahnke', '2016-09-07', 1),
('patkahnke', '2016-09-08', 1),
('patkahnke', '2016-09-09', 1),
('patkahnke', '2016-09-10', 1),
('patkahnke', '2016-09-11', 1),
('patkahnke', '2016-09-12', 1),
('patkahnke', '2016-09-13', 1),
('patkahnke', '2016-09-14', 1),
('patkahnke', '2016-09-15', 1),
('patkahnke', '2016-09-16', 1),
('patkahnke', '2016-09-17', 1),
('patkahnke', '2016-09-18', 1),
('patkahnke', '2016-09-19', 1),
('patkahnke', '2016-09-20', 1),
('patkahnke', '2016-09-21', 1),

('joshgressman', '2016-08-23', 1),
('joshgressman', '2016-08-24', 1),
('joshgressman', '2016-08-25', 1),
('joshgressman', '2016-08-26', 1),
('joshgressman', '2016-08-27', 1),
('joshgressman', '2016-08-28', 1),
('joshgressman', '2016-08-29', 1),
('joshgressman', '2016-08-30', 1),
('joshgressman', '2016-08-31', 1),
('joshgressman', '2016-09-01', 1),
('joshgressman', '2016-09-02', 1),
('joshgressman', '2016-09-03', 0),
('joshgressman', '2016-09-04', 0),
('joshgressman', '2016-09-05', 0),
('joshgressman', '2016-09-06', 1),
('joshgressman', '2016-09-07', 1),
('joshgressman', '2016-09-08', 1),
('joshgressman', '2016-09-09', 1),
('joshgressman', '2016-09-10', 0),
('joshgressman', '2016-09-11', 0),
('joshgressman', '2016-09-12', 1),
('joshgressman', '2016-09-13', 1),
('joshgressman', '2016-09-14', 1),
('joshgressman', '2016-09-15', 1),
('joshgressman', '2016-09-16', 1),
('joshgressman', '2016-09-17', 0),
('joshgressman', '2016-09-18', 0),
('joshgressman', '2016-09-19', 1),
('joshgressman', '2016-09-20', 0),
('joshgressman', '2016-09-21', 1),

('ginityson', '2016-08-23', 1),
('ginityson', '2016-08-24', 1),
('ginityson', '2016-08-25', 1),
('ginityson', '2016-08-26', 1),
('ginityson', '2016-08-27', 1),
('ginityson', '2016-08-28', 1),
('ginityson', '2016-08-29', 1),
('ginityson', '2016-08-30', 1),
('ginityson', '2016-08-31', 1),
('ginityson', '2016-09-01', 1),
('ginityson', '2016-09-02', 1),
('ginityson', '2016-09-03', 1),
('ginityson', '2016-09-04', 0),
('ginityson', '2016-09-05', 1),
('ginityson', '2016-09-06', 1),
('ginityson', '2016-09-07', 0),
('ginityson', '2016-09-08', 0),
('ginityson', '2016-09-09', 0),
('ginityson', '2016-09-10', 0),
('ginityson', '2016-09-11', 0),
('ginityson', '2016-09-12', 0),
('ginityson', '2016-09-13', 0),
('ginityson', '2016-09-14', 0),
('ginityson', '2016-09-15', 0),
('ginityson', '2016-09-16', 0),
('ginityson', '2016-09-17', 0),
('ginityson', '2016-09-18', 0),
('ginityson', '2016-09-19', 0),
('ginityson', '2016-09-20', 0),
('ginityson', '2016-09-21', 0),

('russellpipal', '2016-08-23', 1),
('russellpipal', '2016-08-24', 1),
('russellpipal', '2016-08-25', 1),
('russellpipal', '2016-08-26', 1),
('russellpipal', '2016-08-27', 1),
('russellpipal', '2016-08-28', 1),
('russellpipal', '2016-08-29', 1),
('russellpipal', '2016-08-30', 1),
('russellpipal', '2016-08-31', 1),
('russellpipal', '2016-09-01', 1),
('russellpipal', '2016-09-02', 1),
('russellpipal', '2016-09-03', 1),
('russellpipal', '2016-09-04', 1),
('russellpipal', '2016-09-05', 1),
('russellpipal', '2016-09-06', 1),
('russellpipal', '2016-09-07', 1),
('russellpipal', '2016-09-08', 1),
('russellpipal', '2016-09-09', 1),
('russellpipal', '2016-09-10', 1),
('russellpipal', '2016-09-11', 1),
('russellpipal', '2016-09-12', 1),
('russellpipal', '2016-09-13', 1),
('russellpipal', '2016-09-14', 1),
('russellpipal', '2016-09-15', 1),
('russellpipal', '2016-09-16', 1),
('russellpipal', '2016-09-17', 1),
('russellpipal', '2016-09-18', 1),
('russellpipal', '2016-09-19', 1),
('russellpipal', '2016-09-20', 1),
('russellpipal', '2016-09-21', 0),

('alexminge', '2016-08-23', 1),
('alexminge', '2016-08-24', 1),
('alexminge', '2016-08-25', 1),
('alexminge', '2016-08-26', 1),
('alexminge', '2016-08-27', 1),
('alexminge', '2016-08-28', 1),
('alexminge', '2016-08-29', 1),
('alexminge', '2016-08-30', 1),
('alexminge', '2016-08-31', 1),
('alexminge', '2016-09-01', 1),
('alexminge', '2016-09-02', 1),
('alexminge', '2016-09-03', 1),
('alexminge', '2016-09-04', 1),
('alexminge', '2016-09-05', 1),
('alexminge', '2016-09-06', 1),
('alexminge', '2016-09-07', 1),
('alexminge', '2016-09-08', 1),
('alexminge', '2016-09-09', 1),
('alexminge', '2016-09-10', 1),
('alexminge', '2016-09-11', 1),
('alexminge', '2016-09-12', 1),
('alexminge', '2016-09-13', 1),
('alexminge', '2016-09-14', 1),
('alexminge', '2016-09-15', 1),
('alexminge', '2016-09-16', 1),
('alexminge', '2016-09-17', 1),
('alexminge', '2016-09-18', 1),
('alexminge', '2016-09-19', 1),
('alexminge', '2016-09-20', 1),
('alexminge', '2016-09-21', 1),

('SamSunders', '2016-08-23', 1),
('SamSunders', '2016-08-24', 1),
('SamSunders', '2016-08-25', 0),
('SamSunders', '2016-08-26', 1),
('SamSunders', '2016-08-27', 1),
('SamSunders', '2016-08-28', 1),
('SamSunders', '2016-08-29', 1),
('SamSunders', '2016-08-30', 1),
('SamSunders', '2016-08-31', 1),
('SamSunders', '2016-09-01', 0),
('SamSunders', '2016-09-02', 0),
('SamSunders', '2016-09-03', 0),
('SamSunders', '2016-09-04', 0),
('SamSunders', '2016-09-05', 0),
('SamSunders', '2016-09-06', 0),
('SamSunders', '2016-09-07', 0),
('SamSunders', '2016-09-08', 0),
('SamSunders', '2016-09-09', 0),
('SamSunders', '2016-09-10', 0),
('SamSunders', '2016-09-11', 0),
('SamSunders', '2016-09-12', 0),
('SamSunders', '2016-09-13', 0),
('SamSunders', '2016-09-14', 0),
('SamSunders', '2016-09-15', 0),
('SamSunders', '2016-09-16', 0),
('SamSunders', '2016-09-17', 0),
('SamSunders', '2016-09-18', 0),
('SamSunders', '2016-09-19', 0),
('SamSunders', '2016-09-20', 0),
('SamSunders', '2016-09-21', 0),

('aharasymiw', '2016-08-23', 1),
('aharasymiw', '2016-08-24', 1),
('aharasymiw', '2016-08-25', 1),
('aharasymiw', '2016-08-26', 1),
('aharasymiw', '2016-08-27', 1),
('aharasymiw', '2016-08-28', 1),
('aharasymiw', '2016-08-29', 1),
('aharasymiw', '2016-08-30', 1),
('aharasymiw', '2016-08-31', 1),
('aharasymiw', '2016-09-01', 1),
('aharasymiw', '2016-09-02', 1),
('aharasymiw', '2016-09-03', 1),
('aharasymiw', '2016-09-04', 1),
('aharasymiw', '2016-09-05', 1),
('aharasymiw', '2016-09-06', 1),
('aharasymiw', '2016-09-07', 1),
('aharasymiw', '2016-09-08', 1),
('aharasymiw', '2016-09-09', 1),
('aharasymiw', '2016-09-10', 1),
('aharasymiw', '2016-09-11', 1),
('aharasymiw', '2016-09-12', 1),
('aharasymiw', '2016-09-13', 1),
('aharasymiw', '2016-09-14', 1),
('aharasymiw', '2016-09-15', 1),
('aharasymiw', '2016-09-16', 1),
('aharasymiw', '2016-09-17', 1),
('aharasymiw', '2016-09-18', 1),
('aharasymiw', '2016-09-19', 1),
('aharasymiw', '2016-09-20', 1),
('aharasymiw', '2016-09-21', 1),

('monifrancesca', '2016-08-23', 1),
('monifrancesca', '2016-08-24', 1),
('monifrancesca', '2016-08-25', 1),
('monifrancesca', '2016-08-26', 1),
('monifrancesca', '2016-08-27', 1),
('monifrancesca', '2016-08-28', 1),
('monifrancesca', '2016-08-29', 0),
('monifrancesca', '2016-08-30', 1),
('monifrancesca', '2016-08-31', 1),
('monifrancesca', '2016-09-01', 0),
('monifrancesca', '2016-09-02', 0),
('monifrancesca', '2016-09-03', 0),
('monifrancesca', '2016-09-04', 0),
('monifrancesca', '2016-09-05', 0),
('monifrancesca', '2016-09-06', 0),
('monifrancesca', '2016-09-07', 0),
('monifrancesca', '2016-09-08', 0),
('monifrancesca', '2016-09-09', 0),
('monifrancesca', '2016-09-10', 0),
('monifrancesca', '2016-09-11', 0),
('monifrancesca', '2016-09-12', 1),
('monifrancesca', '2016-09-13', 0),
('monifrancesca', '2016-09-14', 0),
('monifrancesca', '2016-09-15', 0),
('monifrancesca', '2016-09-16', 0),
('monifrancesca', '2016-09-17', 0),
('monifrancesca', '2016-09-18', 0),
('monifrancesca', '2016-09-19', 0),
('monifrancesca', '2016-09-20', 0),
('monifrancesca', '2016-09-21', 0),

('Littlewhelan', '2016-08-23', 1),
('Littlewhelan', '2016-08-24', 1),
('Littlewhelan', '2016-08-25', 1),
('Littlewhelan', '2016-08-26', 1),
('Littlewhelan', '2016-08-27', 1),
('Littlewhelan', '2016-08-28', 1),
('Littlewhelan', '2016-08-29', 1),
('Littlewhelan', '2016-08-30', 1),
('Littlewhelan', '2016-08-31', 1),
('Littlewhelan', '2016-09-01', 1),
('Littlewhelan', '2016-09-02', 1),
('Littlewhelan', '2016-09-03', 1),
('Littlewhelan', '2016-09-04', 1),
('Littlewhelan', '2016-09-05', 0),
('Littlewhelan', '2016-09-06', 1),
('Littlewhelan', '2016-09-07', 1),
('Littlewhelan', '2016-09-08', 1),
('Littlewhelan', '2016-09-09', 1),
('Littlewhelan', '2016-09-10', 1),
('Littlewhelan', '2016-09-11', 1),
('Littlewhelan', '2016-09-12', 1),
('Littlewhelan', '2016-09-13', 1),
('Littlewhelan', '2016-09-14', 1),
('Littlewhelan', '2016-09-15', 1),
('Littlewhelan', '2016-09-16', 0),
('Littlewhelan', '2016-09-17', 1),
('Littlewhelan', '2016-09-18', 1),
('Littlewhelan', '2016-09-19', 1),
('Littlewhelan', '2016-09-20', 1),
('Littlewhelan', '2016-09-21', 1);



-- s1_data --

CREATE TABLE s1_data (
id SERIAL PRIMARY KEY,
github varchar(50), -- relational mark
date varchar(12),
commits smallint
);

INSERT INTO s1_data (github, date, commits)
VALUES ('scottbromander', '2016-07-18', 1),
('scottbromander', '2016-07-19', 1),
('scottbromander', '2016-07-20', 1),
('scottbromander', '2016-07-21', 1),
('scottbromander', '2016-07-22', 1),
('scottbromander', '2016-07-23', 1),
('scottbromander', '2016-07-24', 1),
('scottbromander', '2016-07-25', 1),
('scottbromander', '2016-07-26', 1),
('scottbromander', '2016-07-27', 1),
('scottbromander', '2016-07-28', 1),
('scottbromander', '2016-07-29', 1),
('scottbromander', '2016-07-30', 1),
('scottbromander', '2016-07-31', 1),
('scottbromander', '2016-08-01', 1),
('scottbromander', '2016-08-02', 1),
('scottbromander', '2016-08-03', 1),
('scottbromander', '2016-08-04', 1),
('scottbromander', '2016-08-05', 1),
('scottbromander', '2016-08-06', 1),
('scottbromander', '2016-08-07', 1),
('scottbromander', '2016-08-08', 1),
('scottbromander', '2016-08-09', 1),
('scottbromander', '2016-08-10', 1),
('scottbromander', '2016-08-11', 1),
('scottbromander', '2016-08-12', 1),
('scottbromander', '2016-08-13', 1),
('scottbromander', '2016-08-14', 1),
('scottbromander', '2016-08-15', 1),
('scottbromander', '2016-08-16', 1),

('laurakressin', '2016-07-18', 1),
('laurakressin', '2016-07-19', 1),
('laurakressin', '2016-07-20', 1),
('laurakressin', '2016-07-21', 1),
('laurakressin', '2016-07-22', 1),
('laurakressin', '2016-07-23', 1),
('laurakressin', '2016-07-24', 1),
('laurakressin', '2016-07-25', 1),
('laurakressin', '2016-07-26', 1),
('laurakressin', '2016-07-27', 0),
('laurakressin', '2016-07-28', 1),
('laurakressin', '2016-07-29', 0),
('laurakressin', '2016-07-30', 1),
('laurakressin', '2016-07-31', 1),
('laurakressin', '2016-08-01', 0),
('laurakressin', '2016-08-02', 1),
('laurakressin', '2016-08-03', 0),
('laurakressin', '2016-08-04', 1),
('laurakressin', '2016-08-05', 1),
('laurakressin', '2016-08-06', 0),
('laurakressin', '2016-08-07', 0),
('laurakressin', '2016-08-08', 1),
('laurakressin', '2016-08-09', 1),
('laurakressin', '2016-08-10', 1),
('laurakressin', '2016-08-11', 0),
('laurakressin', '2016-08-12', 0),
('laurakressin', '2016-08-13', 0),
('laurakressin', '2016-08-14', 0),
('laurakressin', '2016-08-15', 0),
('laurakressin', '2016-08-16', 0),

('casiedanger', '2016-07-18', 1),
('casiedanger', '2016-07-19', 1),
('casiedanger', '2016-07-20', 1),
('casiedanger', '2016-07-21', 1),
('casiedanger', '2016-07-22', 0),
('casiedanger', '2016-07-23', 0),
('casiedanger', '2016-07-24', 0),
('casiedanger', '2016-07-25', 0),
('casiedanger', '2016-07-26', 0),
('casiedanger', '2016-07-27', 1),
('casiedanger', '2016-07-28', 1),
('casiedanger', '2016-07-29', 1),
('casiedanger', '2016-07-30', 1),
('casiedanger', '2016-07-31', 1),
('casiedanger', '2016-08-01', 0),
('casiedanger', '2016-08-02', 1),
('casiedanger', '2016-08-03', 1),
('casiedanger', '2016-08-04', 0),
('casiedanger', '2016-08-05', 0),
('casiedanger', '2016-08-06', 0),
('casiedanger', '2016-08-07', 0),
('casiedanger', '2016-08-08', 0),
('casiedanger', '2016-08-09', 0),
('casiedanger', '2016-08-10', 0),
('casiedanger', '2016-08-11', 0),
('casiedanger', '2016-08-12', 0),
('casiedanger', '2016-08-13', 0),
('casiedanger', '2016-08-14', 0),
('casiedanger', '2016-08-15', 1),
('casiedanger', '2016-08-16', 1),

('wallacewylie', '2016-07-18', 1),
('wallacewylie', '2016-07-19', 1),
('wallacewylie', '2016-07-20', 1),
('wallacewylie', '2016-07-21', 1),
('wallacewylie', '2016-07-22', 1),
('wallacewylie', '2016-07-23', 0),
('wallacewylie', '2016-07-24', 1),
('wallacewylie', '2016-07-25', 1),
('wallacewylie', '2016-07-26', 1),
('wallacewylie', '2016-07-27', 1),
('wallacewylie', '2016-07-28', 1),
('wallacewylie', '2016-07-29', 1),
('wallacewylie', '2016-07-30', 1),
('wallacewylie', '2016-07-31', 1),
('wallacewylie', '2016-08-01', 1),
('wallacewylie', '2016-08-02', 1),
('wallacewylie', '2016-08-03', 1),
('wallacewylie', '2016-08-04', 1),
('wallacewylie', '2016-08-05', 1),
('wallacewylie', '2016-08-06', 1),
('wallacewylie', '2016-08-07', 1),
('wallacewylie', '2016-08-08', 1),
('wallacewylie', '2016-08-09', 1),
('wallacewylie', '2016-08-10', 1),
('wallacewylie', '2016-08-11', 1),
('wallacewylie', '2016-08-12', 1),
('wallacewylie', '2016-08-13', 1),
('wallacewylie', '2016-08-14', 1),
('wallacewylie', '2016-08-15', 1),
('wallacewylie', '2016-08-16', 1),

('tommychester', '2016-07-18', 1),
('tommychester', '2016-07-19', 1),
('tommychester', '2016-07-20', 1),
('tommychester', '2016-07-21', 1),
('tommychester', '2016-07-22', 1),
('tommychester', '2016-07-23', 0),
('tommychester', '2016-07-24', 1),
('tommychester', '2016-07-25', 0),
('tommychester', '2016-07-26', 0),
('tommychester', '2016-07-27', 1),
('tommychester', '2016-07-28', 0),
('tommychester', '2016-07-29', 0),
('tommychester', '2016-07-30', 0),
('tommychester', '2016-07-31', 1),
('tommychester', '2016-08-01', 1),
('tommychester', '2016-08-02', 1),
('tommychester', '2016-08-03', 1),
('tommychester', '2016-08-04', 1),
('tommychester', '2016-08-05', 1),
('tommychester', '2016-08-06', 1),
('tommychester', '2016-08-07', 1),
('tommychester', '2016-08-08', 0),
('tommychester', '2016-08-09', 0),
('tommychester', '2016-08-10', 0),
('tommychester', '2016-08-11', 0),
('tommychester', '2016-08-12', 1),
('tommychester', '2016-08-13', 0),
('tommychester', '2016-08-14', 1),
('tommychester', '2016-08-15', 1),
('tommychester', '2016-08-16', 1),

('brandongladen', '2016-07-18', 1),
('brandongladen', '2016-07-19', 1),
('brandongladen', '2016-07-20', 1),
('brandongladen', '2016-07-21', 1),
('brandongladen', '2016-07-22', 1),
('brandongladen', '2016-07-23', 1),
('brandongladen', '2016-07-24', 1),
('brandongladen', '2016-07-25', 1),
('brandongladen', '2016-07-26', 1),
('brandongladen', '2016-07-27', 1),
('brandongladen', '2016-07-28', 1),
('brandongladen', '2016-07-29', 1),
('brandongladen', '2016-07-30', 1),
('brandongladen', '2016-07-31', 1),
('brandongladen', '2016-08-01', 1),
('brandongladen', '2016-08-02', 1),
('brandongladen', '2016-08-03', 1),
('brandongladen', '2016-08-04', 1),
('brandongladen', '2016-08-05', 1),
('brandongladen', '2016-08-06', 1),
('brandongladen', '2016-08-07', 1),
('brandongladen', '2016-08-08', 1),
('brandongladen', '2016-08-09', 1),
('brandongladen', '2016-08-10', 1),
('brandongladen', '2016-08-11', 1),
('brandongladen', '2016-08-12', 1),
('brandongladen', '2016-08-13', 1),
('brandongladen', '2016-08-14', 1),
('brandongladen', '2016-08-15', 1),
('brandongladen', '2016-08-16', 1),

('sionowen', '2016-07-18', 1),
('sionowen', '2016-07-19', 1),
('sionowen', '2016-07-20', 1),
('sionowen', '2016-07-21', 1),
('sionowen', '2016-07-22', 0),
('sionowen', '2016-07-23', 0),
('sionowen', '2016-07-24', 0),
('sionowen', '2016-07-25', 0),
('sionowen', '2016-07-26', 0),
('sionowen', '2016-07-27', 0),
('sionowen', '2016-07-28', 0),
('sionowen', '2016-07-29', 0),
('sionowen', '2016-07-30', 0),
('sionowen', '2016-07-31', 0),
('sionowen', '2016-08-01', 0),
('sionowen', '2016-08-02', 0),
('sionowen', '2016-08-03', 0),
('sionowen', '2016-08-04', 0),
('sionowen', '2016-08-05', 0),
('sionowen', '2016-08-06', 0),
('sionowen', '2016-08-07', 1),
('sionowen', '2016-08-08', 0),
('sionowen', '2016-08-09', 0),
('sionowen', '2016-08-10', 0),
('sionowen', '2016-08-11', 0),
('sionowen', '2016-08-12', 0),
('sionowen', '2016-08-13', 0),
('sionowen', '2016-08-14', 0),
('sionowen', '2016-08-15', 0),
('sionowen', '2016-08-16', 1),

('samanthaklein', '2016-07-18', 1),
('samanthaklein', '2016-07-19', 1),
('samanthaklein', '2016-07-20', 1),
('samanthaklein', '2016-07-21', 1),
('samanthaklein', '2016-07-22', 1),
('samanthaklein', '2016-07-23', 0),
('samanthaklein', '2016-07-24', 0),
('samanthaklein', '2016-07-25', 1),
('samanthaklein', '2016-07-26', 1),
('samanthaklein', '2016-07-27', 1),
('samanthaklein', '2016-07-28', 1),
('samanthaklein', '2016-07-29', 1),
('samanthaklein', '2016-07-30', 1),
('samanthaklein', '2016-07-31', 1),
('samanthaklein', '2016-08-01', 1),
('samanthaklein', '2016-08-02', 1),
('samanthaklein', '2016-08-03', 1),
('samanthaklein', '2016-08-04', 1),
('samanthaklein', '2016-08-05', 1),
('samanthaklein', '2016-08-06', 1),
('samanthaklein', '2016-08-07', 0),
('samanthaklein', '2016-08-08', 1),
('samanthaklein', '2016-08-09', 1),
('samanthaklein', '2016-08-10', 1),
('samanthaklein', '2016-08-11', 1),
('samanthaklein', '2016-08-12', 0),
('samanthaklein', '2016-08-13', 1),
('samanthaklein', '2016-08-14', 1),
('samanthaklein', '2016-08-15', 1),
('samanthaklein', '2016-08-16', 1),

('erikaklein', '2016-07-18', 1),
('erikaklein', '2016-07-19', 1),
('erikaklein', '2016-07-20', 1),
('erikaklein', '2016-07-21', 1),
('erikaklein', '2016-07-22', 1),
('erikaklein', '2016-07-23', 1),
('erikaklein', '2016-07-24', 0),
('erikaklein', '2016-07-25', 1),
('erikaklein', '2016-07-26', 1),
('erikaklein', '2016-07-27', 0),
('erikaklein', '2016-07-28', 1),
('erikaklein', '2016-07-29', 0),
('erikaklein', '2016-07-30', 0),
('erikaklein', '2016-07-31', 0),
('erikaklein', '2016-08-01', 1),
('erikaklein', '2016-08-02', 0),
('erikaklein', '2016-08-03', 0),
('erikaklein', '2016-08-04', 1),
('erikaklein', '2016-08-05', 0),
('erikaklein', '2016-08-06', 1),
('erikaklein', '2016-08-07', 0),
('erikaklein', '2016-08-08', 1),
('erikaklein', '2016-08-09', 1),
('erikaklein', '2016-08-10', 1),
('erikaklein', '2016-08-11', 1),
('erikaklein', '2016-08-12', 1),
('erikaklein', '2016-08-13', 1),
('erikaklein', '2016-08-14', 1),
('erikaklein', '2016-08-15', 1),
('erikaklein', '2016-08-16', 1),

('zachkusz', '2016-07-18', 1),
('zachkusz', '2016-07-19', 1),
('zachkusz', '2016-07-20', 1),
('zachkusz', '2016-07-21', 1),
('zachkusz', '2016-07-22', 1),
('zachkusz', '2016-07-23', 1),
('zachkusz', '2016-07-24', 1),
('zachkusz', '2016-07-25', 1),
('zachkusz', '2016-07-26', 1),
('zachkusz', '2016-07-27', 1),
('zachkusz', '2016-07-28', 1),
('zachkusz', '2016-07-29', 1),
('zachkusz', '2016-07-30', 1),
('zachkusz', '2016-07-31', 0),
('zachkusz', '2016-08-01', 0),
('zachkusz', '2016-08-02', 1),
('zachkusz', '2016-08-03', 0),
('zachkusz', '2016-08-04', 0),
('zachkusz', '2016-08-05', 0),
('zachkusz', '2016-08-06', 0),
('zachkusz', '2016-08-07', 0),
('zachkusz', '2016-08-08', 0),
('zachkusz', '2016-08-09', 0),
('zachkusz', '2016-08-10', 0),
('zachkusz', '2016-08-11', 0),
('zachkusz', '2016-08-12', 0),
('zachkusz', '2016-08-13', 0),
('zachkusz', '2016-08-14', 0),
('zachkusz', '2016-08-15', 0),
('zachkusz', '2016-08-16', 0),

('aaronrmcgrath', '2016-07-18', 1),
('aaronrmcgrath', '2016-07-19', 1),
('aaronrmcgrath', '2016-07-20', 1),
('aaronrmcgrath', '2016-07-21', 1),
('aaronrmcgrath', '2016-07-22', 1),
('aaronrmcgrath', '2016-07-23', 1),
('aaronrmcgrath', '2016-07-24', 1),
('aaronrmcgrath', '2016-07-25', 0),
('aaronrmcgrath', '2016-07-26', 1),
('aaronrmcgrath', '2016-07-27', 1),
('aaronrmcgrath', '2016-07-28', 1),
('aaronrmcgrath', '2016-07-29', 0),
('aaronrmcgrath', '2016-07-30', 0),
('aaronrmcgrath', '2016-07-31', 0),
('aaronrmcgrath', '2016-08-01', 1),
('aaronrmcgrath', '2016-08-02', 1),
('aaronrmcgrath', '2016-08-03', 0),
('aaronrmcgrath', '2016-08-04', 1),
('aaronrmcgrath', '2016-08-05', 0),
('aaronrmcgrath', '2016-08-06', 0),
('aaronrmcgrath', '2016-08-07', 1),
('aaronrmcgrath', '2016-08-08', 1),
('aaronrmcgrath', '2016-08-09', 0),
('aaronrmcgrath', '2016-08-10', 0),
('aaronrmcgrath', '2016-08-11', 1),
('aaronrmcgrath', '2016-08-12', 1),
('aaronrmcgrath', '2016-08-13', 0),
('aaronrmcgrath', '2016-08-14', 1),
('aaronrmcgrath', '2016-08-15', 1),
('aaronrmcgrath', '2016-08-16', 1),

('laryssahusiak', '2016-07-18', 1),
('laryssahusiak', '2016-07-19', 1),
('laryssahusiak', '2016-07-20', 1),
('laryssahusiak', '2016-07-21', 1),
('laryssahusiak', '2016-07-22', 0),
('laryssahusiak', '2016-07-23', 0),
('laryssahusiak', '2016-07-24', 0),
('laryssahusiak', '2016-07-25', 1),
('laryssahusiak', '2016-07-26', 1),
('laryssahusiak', '2016-07-27', 1),
('laryssahusiak', '2016-07-28', 1),
('laryssahusiak', '2016-07-29', 1),
('laryssahusiak', '2016-07-30', 1),
('laryssahusiak', '2016-07-31', 1),
('laryssahusiak', '2016-08-01', 0),
('laryssahusiak', '2016-08-02', 1),
('laryssahusiak', '2016-08-03', 1),
('laryssahusiak', '2016-08-04', 1),
('laryssahusiak', '2016-08-05', 1),
('laryssahusiak', '2016-08-06', 1),
('laryssahusiak', '2016-08-07', 0),
('laryssahusiak', '2016-08-08', 1),
('laryssahusiak', '2016-08-09', 1),
('laryssahusiak', '2016-08-10', 1),
('laryssahusiak', '2016-08-11', 1),
('laryssahusiak', '2016-08-12', 1),
('laryssahusiak', '2016-08-13', 0),
('laryssahusiak', '2016-08-14', 1),
('laryssahusiak', '2016-08-15', 1),
('laryssahusiak', '2016-08-16', 1),

('megmartinson', '2016-07-18', 1),
('megmartinson', '2016-07-19', 1),
('megmartinson', '2016-07-20', 1),
('megmartinson', '2016-07-21', 0),
('megmartinson', '2016-07-22', 1),
('megmartinson', '2016-07-23', 1),
('megmartinson', '2016-07-24', 0),
('megmartinson', '2016-07-25', 1),
('megmartinson', '2016-07-26', 1),
('megmartinson', '2016-07-27', 1),
('megmartinson', '2016-07-28', 0),
('megmartinson', '2016-07-29', 1),
('megmartinson', '2016-07-30', 0),
('megmartinson', '2016-07-31', 1),
('megmartinson', '2016-08-01', 0),
('megmartinson', '2016-08-02', 1),
('megmartinson', '2016-08-03', 0),
('megmartinson', '2016-08-04', 1),
('megmartinson', '2016-08-05', 1),
('megmartinson', '2016-08-06', 1),
('megmartinson', '2016-08-07', 1),
('megmartinson', '2016-08-08', 1),
('megmartinson', '2016-08-09', 1),
('megmartinson', '2016-08-10', 0),
('megmartinson', '2016-08-11', 1),
('megmartinson', '2016-08-12', 1),
('megmartinson', '2016-08-13', 1),
('megmartinson', '2016-08-14', 1),
('megmartinson', '2016-08-15', 1),
('megmartinson', '2016-08-16', 1),

('savionguyen', '2016-07-18', 1),
('savionguyen', '2016-07-19', 1),
('savionguyen', '2016-07-20', 1),
('savionguyen', '2016-07-21', 1),
('savionguyen', '2016-07-22', 1),
('savionguyen', '2016-07-23', 1),
('savionguyen', '2016-07-24', 1),
('savionguyen', '2016-07-25', 1),
('savionguyen', '2016-07-26', 1),
('savionguyen', '2016-07-27', 1),
('savionguyen', '2016-07-28', 1),
('savionguyen', '2016-07-29', 1),
('savionguyen', '2016-07-30', 1),
('savionguyen', '2016-07-31', 1),
('savionguyen', '2016-08-01', 1),
('savionguyen', '2016-08-02', 1),
('savionguyen', '2016-08-03', 1),
('savionguyen', '2016-08-04', 1),
('savionguyen', '2016-08-05', 1),
('savionguyen', '2016-08-06', 1),
('savionguyen', '2016-08-07', 1),
('savionguyen', '2016-08-08', 1),
('savionguyen', '2016-08-09', 1),
('savionguyen', '2016-08-10', 1),
('savionguyen', '2016-08-11', 1),
('savionguyen', '2016-08-12', 1),
('savionguyen', '2016-08-13', 1),
('savionguyen', '2016-08-14', 1),
('savionguyen', '2016-08-15', 1),
('savionguyen', '2016-08-16', 1),

('ericanderson', '2016-07-18', 1),
('ericanderson', '2016-07-19', 1),
('ericanderson', '2016-07-20', 1),
('ericanderson', '2016-07-21', 1),
('ericanderson', '2016-07-22', 1),
('ericanderson', '2016-07-23', 0),
('ericanderson', '2016-07-24', 0),
('ericanderson', '2016-07-25', 1),
('ericanderson', '2016-07-26', 1),
('ericanderson', '2016-07-27', 1),
('ericanderson', '2016-07-28', 1),
('ericanderson', '2016-07-29', 0),
('ericanderson', '2016-07-30', 0),
('ericanderson', '2016-07-31', 0),
('ericanderson', '2016-08-01', 0),
('ericanderson', '2016-08-02', 0),
('ericanderson', '2016-08-03', 0),
('ericanderson', '2016-08-04', 0),
('ericanderson', '2016-08-05', 0),
('ericanderson', '2016-08-06', 0),
('ericanderson', '2016-08-07', 0),
('ericanderson', '2016-08-08', 0),
('ericanderson', '2016-08-09', 0),
('ericanderson', '2016-08-10', 0),
('ericanderson', '2016-08-11', 0),
('ericanderson', '2016-08-12', 0),
('ericanderson', '2016-08-13', 0),
('ericanderson', '2016-08-14', 0),
('ericanderson', '2016-08-15', 0),
('ericanderson', '2016-08-16', 0);
