--IMPORTANT: create database :: github_challenge

CREATE TABLE users (
 id SERIAL PRIMARY KEY,
 github_url varchar(50),
 email varchar(50),
 display_name varchar(200),
 authToken varchar(255),
 user_id varchar(20),
 profile_photo varchar(255),
 auth_level varchar(100)
);


-- holds all the forms that have been created
CREATE TABLE form_history (
id SERIAL PRIMARY KEY,
form_title varchar(50),
form_description varchar(250),
form_questions json
);

-- what is the active survey? what is the active sprint?
CREATE TABLE admin (
currentSurvey integer,
currentSprint integer
);

-- Sprint History table
CREATE TABLE sprint_history (
  id SERIAL PRIMARY KEY,
  sprint_name varchar(50),
  start_date varchar(15),
  currentSprint boolean
);


-- EMAIL WHITELIST --
CREATE TABLE whitelist (
id SERIAL PRIMARY KEY,
email varchar(100)
);

--holds full user lawn--
CREATE TABLE user_lawns (
github varchar(50),
date varchar(30),
did_commit boolean,
commits integer
);





-- TEMPLATES FOR PG QUERIES
-- generic sprint data table template
CREATE TABLE SPRINTNAME_data (
github varchar(50), -- relational mark
date varchar(12),
commits boolean
);

-- generic sprint team table
CREATE TABLE SPRINTNAME_teams (
id SERIAL PRIMARY KEY,
github varchar(50), -- realational mark
team varchar(50)
);




-- SPRINT 2 TEAM TABLE!!
INSERT INTO s2_teams (github, team)
VALUES ('scottbromander', null),
('emkerber', null),
('HillaryManning', null),
('McCully', null),
('schooolman', null),
('hankandre', null),
('cwklausing', null),
('Mandosis', null),
('maykid24', null),
('4cm4k1', null),
('corinamarie', null),
('bljohnson', null),
('clarejacky', null),
('Ludstuen90', null),
('oliverlangmo', null),
('mulchy', null),
('romstevens', null),
('Shinybirdy', null),
('katiebvogel', null),
('jonwilsoncomedy', null),
('nickrenfo2', null),
('minimart', null),
('gfrethem', null),
('libbylondon11', null),
('Increvateur', null),
('savionguyen', 'eros'),
('aaronrmcgrath', 'eros'),
('wallacewylie', 'eros'),
('fsheahan', 'eros'),
('dannyRitter', 'eros'),
('BennettBatzli', 'dactyl'),
('patkahnke', 'dactyl'),
('joshgressman', 'dactyl'),
('ginityson', 'dactyl'),
('russellpipal', 'dactyl'),
('aminge37', 'europa'),
('SamSunders', 'europa'),
('aharasymiw', 'europa'),
('monifrancesca', 'europa'),
('Littlewhelan', 'europa'),
('glydeb', 'gaspra'),
('mikelseverson', 'gaspra'),
('oakesjessica', 'gaspra'),
('carnesen', 'gaspra'),
('atousley', 'gaspra'),
('cairnstan', 'ida'),
('skylerdegrote', 'ida'),
('shklein', 'ida'),
('laurakressin', 'ida'),
('eca12v', 'ida'),
('enriqueortega', 'ida'),
('jmanders85', 'io'),
('mhwalsh', 'io'),
('caitecoll', 'io'),
('bpeterson1663', 'io'),
('ekimlinger', 'io'),
('peters313', 'deimos'),
('Adia-A', 'deimos'),
('rohran01', 'deimos'),
('ekmpls', 'deimos'),
('JScearcy', 'deimos'),
('tthoraldson', 'linus'),
('jtorborg', 'linus'),
('IamUnInc', 'linus'),
('kerij', 'linus'),
('dennycheng', 'linus'),
('twinklefingers', 'linus'),
('lpuhl', 'linus'),
('kmaimn', 'linus'),
('coreypeck', 'linus'),
('Spengs', 'linus'),
('dkuntz811', 'linus'),
('andrewwiskus', 'linus'),
('adameastvold', 'linus'),
('lizhaak', 'linus'),
('2trill2spill', 'linus');





-- BRAND NEW DATA --
-- s2_data --
INSERT INTO s2_data (github, date, commits)
VALUES ('scottbromander', '2016-08-23', 1),
('scottbromander', '2016-08-24', 1),
('scottbromander', '2016-08-25', 1),
('scottbromander', '2016-08-26', 1),
('scottbromander', '2016-08-27', 1),
('scottbromander', '2016-08-28', 1),
('scottbromander', '2016-08-29', 1),
('scottbromander', '2016-08-30', 1),
('scottbromander', '2016-08-31', 1),
('scottbromander', '2016-09-01', 1),
('scottbromander', '2016-09-02', 1),
('scottbromander', '2016-09-03', 1),
('scottbromander', '2016-09-04', 1),
('scottbromander', '2016-09-05', 1),
('scottbromander', '2016-09-06', 1),
('scottbromander', '2016-09-07', 1),
('scottbromander', '2016-09-08', 1),
('scottbromander', '2016-09-09', 1),
('scottbromander', '2016-09-10', 1),
('scottbromander', '2016-09-11', 1),
('scottbromander', '2016-09-12', 1),
('scottbromander', '2016-09-13', 1),
('scottbromander', '2016-09-14', 1),
('scottbromander', '2016-09-15', 1),
('scottbromander', '2016-09-16', 1),
('scottbromander', '2016-09-17', 1),
('scottbromander', '2016-09-18', 1),
('scottbromander', '2016-09-19', 1),
('scottbromander', '2016-09-20', 1),
('scottbromander', '2016-09-21', 1),

('savionguyen', '2016-08-23', 1),
('savionguyen', '2016-08-24', 1),
('savionguyen', '2016-08-25', 1),
('savionguyen', '2016-08-26', 1),
('savionguyen', '2016-08-27', 1),
('savionguyen', '2016-08-28', 1),
('savionguyen', '2016-08-29', 1),
('savionguyen', '2016-08-30', 1),
('savionguyen', '2016-08-31', 1),
('savionguyen', '2016-09-01', 1),
('savionguyen', '2016-09-02', 1),
('savionguyen', '2016-09-03', 1),
('savionguyen', '2016-09-04', 1),
('savionguyen', '2016-09-05', 0),
('savionguyen', '2016-09-06', 0),
('savionguyen', '2016-09-07', 0),
('savionguyen', '2016-09-08', 0),
('savionguyen', '2016-09-09', 0),
('savionguyen', '2016-09-10', 0),
('savionguyen', '2016-09-11', 0),
('savionguyen', '2016-09-12', 0),
('savionguyen', '2016-09-13', 0),
('savionguyen', '2016-09-14', 0),
('savionguyen', '2016-09-15', 0),
('savionguyen', '2016-09-16', 0),
('savionguyen', '2016-09-17', 0),
('savionguyen', '2016-09-18', 0),
('savionguyen', '2016-09-19', 0),
('savionguyen', '2016-09-20', 0),
('savionguyen', '2016-09-21', 0),

('aaronrmcgrath', '2016-08-23', 0),
('aaronrmcgrath', '2016-08-24', 1),
('aaronrmcgrath', '2016-08-25', 1),
('aaronrmcgrath', '2016-08-26', 0),
('aaronrmcgrath', '2016-08-27', 1),
('aaronrmcgrath', '2016-08-28', 1),
('aaronrmcgrath', '2016-08-29', 1),
('aaronrmcgrath', '2016-08-30', 1),
('aaronrmcgrath', '2016-08-31', 1),
('aaronrmcgrath', '2016-09-01', 0),
('aaronrmcgrath', '2016-09-02', 0),
('aaronrmcgrath', '2016-09-03', 0),
('aaronrmcgrath', '2016-09-04', 0),
('aaronrmcgrath', '2016-09-05', 0),
('aaronrmcgrath', '2016-09-06', 1),
('aaronrmcgrath', '2016-09-07', 1),
('aaronrmcgrath', '2016-09-08', 1),
('aaronrmcgrath', '2016-09-09', 1),
('aaronrmcgrath', '2016-09-10', 0),
('aaronrmcgrath', '2016-09-11', 0),
('aaronrmcgrath', '2016-09-12', 1),
('aaronrmcgrath', '2016-09-13', 0),
('aaronrmcgrath', '2016-09-14', 0),
('aaronrmcgrath', '2016-09-15', 0),
('aaronrmcgrath', '2016-09-16', 0),
('aaronrmcgrath', '2016-09-17', 0),
('aaronrmcgrath', '2016-09-18', 0),
('aaronrmcgrath', '2016-09-19', 0),
('aaronrmcgrath', '2016-09-20', 0),
('aaronrmcgrath', '2016-09-21', 0),

('wallacewylie', '2016-08-23', 1),
('wallacewylie', '2016-08-24', 1),
('wallacewylie', '2016-08-25', 1),
('wallacewylie', '2016-08-26', 1),
('wallacewylie', '2016-08-27', 1),
('wallacewylie', '2016-08-28', 1),
('wallacewylie', '2016-08-29', 1),
('wallacewylie', '2016-08-30', 1),
('wallacewylie', '2016-08-31', 1),
('wallacewylie', '2016-09-01', 1),
('wallacewylie', '2016-09-02', 1),
('wallacewylie', '2016-09-03', 1),
('wallacewylie', '2016-09-04', 1),
('wallacewylie', '2016-09-05', 1),
('wallacewylie', '2016-09-06', 1),
('wallacewylie', '2016-09-07', 1),
('wallacewylie', '2016-09-08', 1),
('wallacewylie', '2016-09-09', 1),
('wallacewylie', '2016-09-10', 1),
('wallacewylie', '2016-09-11', 1),
('wallacewylie', '2016-09-12', 1),
('wallacewylie', '2016-09-13', 1),
('wallacewylie', '2016-09-14', 1),
('wallacewylie', '2016-09-15', 0),
('wallacewylie', '2016-09-16', 1),
('wallacewylie', '2016-09-17', 1),
('wallacewylie', '2016-09-18', 1),
('wallacewylie', '2016-09-19', 1),
('wallacewylie', '2016-09-20', 1),
('wallacewylie', '2016-09-21', 1),

('fsheahan', '2016-08-23', 1),
('fsheahan', '2016-08-24', 1),
('fsheahan', '2016-08-25', 1),
('fsheahan', '2016-08-26', 1),
('fsheahan', '2016-08-27', 1),
('fsheahan', '2016-08-28', 1),
('fsheahan', '2016-08-29', 1),
('fsheahan', '2016-08-30', 1),
('fsheahan', '2016-08-31', 1),
('fsheahan', '2016-09-01', 1),
('fsheahan', '2016-09-02', 1),
('fsheahan', '2016-09-03', 1),
('fsheahan', '2016-09-04', 1),
('fsheahan', '2016-09-05', 1),
('fsheahan', '2016-09-06', 1),
('fsheahan', '2016-09-07', 1),
('fsheahan', '2016-09-08', 1),
('fsheahan', '2016-09-09', 1),
('fsheahan', '2016-09-10', 1),
('fsheahan', '2016-09-11', 1),
('fsheahan', '2016-09-12', 1),
('fsheahan', '2016-09-13', 1),
('fsheahan', '2016-09-14', 1),
('fsheahan', '2016-09-15', 1),
('fsheahan', '2016-09-16', 1),
('fsheahan', '2016-09-17', 1),
('fsheahan', '2016-09-18', 1),
('fsheahan', '2016-09-19', 1),
('fsheahan', '2016-09-20', 1),
('fsheahan', '2016-09-21', 1),

('dannyRitter', '2016-08-23', 1),
('dannyRitter', '2016-08-24', 1),
('dannyRitter', '2016-08-25', 1),
('dannyRitter', '2016-08-26', 1),
('dannyRitter', '2016-08-27', 1),
('dannyRitter', '2016-08-28', 1),
('dannyRitter', '2016-08-29', 1),
('dannyRitter', '2016-08-30', 1),
('dannyRitter', '2016-08-31', 0),
('dannyRitter', '2016-09-01', 1),
('dannyRitter', '2016-09-02', 0),
('dannyRitter', '2016-09-03', 1),
('dannyRitter', '2016-09-04', 0),
('dannyRitter', '2016-09-05', 1),
('dannyRitter', '2016-09-06', 0),
('dannyRitter', '2016-09-07', 0),
('dannyRitter', '2016-09-08', 0),
('dannyRitter', '2016-09-09', 0),
('dannyRitter', '2016-09-10', 0),
('dannyRitter', '2016-09-11', 0),
('dannyRitter', '2016-09-12', 0),
('dannyRitter', '2016-09-13', 0),
('dannyRitter', '2016-09-14', 0),
('dannyRitter', '2016-09-15', 0),
('dannyRitter', '2016-09-16', 0),
('dannyRitter', '2016-09-17', 0),
('dannyRitter', '2016-09-18', 0),
('dannyRitter', '2016-09-19', 0),
('dannyRitter', '2016-09-20', 0),
('dannyRitter', '2016-09-21', 0),

('BennettBatzli', '2016-08-23', 1),
('BennettBatzli', '2016-08-24', 1),
('BennettBatzli', '2016-08-25', 1),
('BennettBatzli', '2016-08-26', 1),
('BennettBatzli', '2016-08-27', 1),
('BennettBatzli', '2016-08-28', 1),
('BennettBatzli', '2016-08-29', 1),
('BennettBatzli', '2016-08-30', 1),
('BennettBatzli', '2016-08-31', 1),
('BennettBatzli', '2016-09-01', 1),
('BennettBatzli', '2016-09-02', 1),
('BennettBatzli', '2016-09-03', 1),
('BennettBatzli', '2016-09-04', 1),
('BennettBatzli', '2016-09-05', 1),
('BennettBatzli', '2016-09-06', 1),
('BennettBatzli', '2016-09-07', 1),
('BennettBatzli', '2016-09-08', 1),
('BennettBatzli', '2016-09-09', 1),
('BennettBatzli', '2016-09-10', 1),
('BennettBatzli', '2016-09-11', 1),
('BennettBatzli', '2016-09-12', 1),
('BennettBatzli', '2016-09-13', 1),
('BennettBatzli', '2016-09-14', 1),
('BennettBatzli', '2016-09-15', 1),
('BennettBatzli', '2016-09-16', 1),
('BennettBatzli', '2016-09-17', 1),
('BennettBatzli', '2016-09-18', 1),
('BennettBatzli', '2016-09-19', 1),
('BennettBatzli', '2016-09-20', 1),
('BennettBatzli', '2016-09-21', 1),

('patkahnke', '2016-08-23', 1),
('patkahnke', '2016-08-24', 1),
('patkahnke', '2016-08-25', 1),
('patkahnke', '2016-08-26', 1),
('patkahnke', '2016-08-27', 1),
('patkahnke', '2016-08-28', 1),
('patkahnke', '2016-08-29', 1),
('patkahnke', '2016-08-30', 1),
('patkahnke', '2016-08-31', 1),
('patkahnke', '2016-09-01', 1),
('patkahnke', '2016-09-02', 1),
('patkahnke', '2016-09-03', 1),
('patkahnke', '2016-09-04', 1),
('patkahnke', '2016-09-05', 1),
('patkahnke', '2016-09-06', 1),
('patkahnke', '2016-09-07', 1),
('patkahnke', '2016-09-08', 1),
('patkahnke', '2016-09-09', 1),
('patkahnke', '2016-09-10', 1),
('patkahnke', '2016-09-11', 1),
('patkahnke', '2016-09-12', 1),
('patkahnke', '2016-09-13', 1),
('patkahnke', '2016-09-14', 1),
('patkahnke', '2016-09-15', 1),
('patkahnke', '2016-09-16', 1),
('patkahnke', '2016-09-17', 1),
('patkahnke', '2016-09-18', 1),
('patkahnke', '2016-09-19', 1),
('patkahnke', '2016-09-20', 1),
('patkahnke', '2016-09-21', 1),

('joshgressman', '2016-08-23', 1),
('joshgressman', '2016-08-24', 1),
('joshgressman', '2016-08-25', 1),
('joshgressman', '2016-08-26', 1),
('joshgressman', '2016-08-27', 1),
('joshgressman', '2016-08-28', 1),
('joshgressman', '2016-08-29', 1),
('joshgressman', '2016-08-30', 1),
('joshgressman', '2016-08-31', 1),
('joshgressman', '2016-09-01', 1),
('joshgressman', '2016-09-02', 1),
('joshgressman', '2016-09-03', 0),
('joshgressman', '2016-09-04', 0),
('joshgressman', '2016-09-05', 0),
('joshgressman', '2016-09-06', 1),
('joshgressman', '2016-09-07', 1),
('joshgressman', '2016-09-08', 1),
('joshgressman', '2016-09-09', 1),
('joshgressman', '2016-09-10', 0),
('joshgressman', '2016-09-11', 0),
('joshgressman', '2016-09-12', 1),
('joshgressman', '2016-09-13', 1),
('joshgressman', '2016-09-14', 1),
('joshgressman', '2016-09-15', 1),
('joshgressman', '2016-09-16', 1),
('joshgressman', '2016-09-17', 0),
('joshgressman', '2016-09-18', 0),
('joshgressman', '2016-09-19', 1),
('joshgressman', '2016-09-20', 0),
('joshgressman', '2016-09-21', 1),

('ginityson', '2016-08-23', 1),
('ginityson', '2016-08-24', 1),
('ginityson', '2016-08-25', 1),
('ginityson', '2016-08-26', 1),
('ginityson', '2016-08-27', 1),
('ginityson', '2016-08-28', 1),
('ginityson', '2016-08-29', 1),
('ginityson', '2016-08-30', 1),
('ginityson', '2016-08-31', 1),
('ginityson', '2016-09-01', 1),
('ginityson', '2016-09-02', 1),
('ginityson', '2016-09-03', 1),
('ginityson', '2016-09-04', 0),
('ginityson', '2016-09-05', 1),
('ginityson', '2016-09-06', 1),
('ginityson', '2016-09-07', 0),
('ginityson', '2016-09-08', 0),
('ginityson', '2016-09-09', 0),
('ginityson', '2016-09-10', 0),
('ginityson', '2016-09-11', 0),
('ginityson', '2016-09-12', 0),
('ginityson', '2016-09-13', 0),
('ginityson', '2016-09-14', 0),
('ginityson', '2016-09-15', 0),
('ginityson', '2016-09-16', 0),
('ginityson', '2016-09-17', 0),
('ginityson', '2016-09-18', 0),
('ginityson', '2016-09-19', 0),
('ginityson', '2016-09-20', 0),
('ginityson', '2016-09-21', 0),

('russellpipal', '2016-08-23', 1),
('russellpipal', '2016-08-24', 1),
('russellpipal', '2016-08-25', 1),
('russellpipal', '2016-08-26', 1),
('russellpipal', '2016-08-27', 1),
('russellpipal', '2016-08-28', 1),
('russellpipal', '2016-08-29', 1),
('russellpipal', '2016-08-30', 1),
('russellpipal', '2016-08-31', 1),
('russellpipal', '2016-09-01', 1),
('russellpipal', '2016-09-02', 1),
('russellpipal', '2016-09-03', 1),
('russellpipal', '2016-09-04', 1),
('russellpipal', '2016-09-05', 1),
('russellpipal', '2016-09-06', 1),
('russellpipal', '2016-09-07', 1),
('russellpipal', '2016-09-08', 1),
('russellpipal', '2016-09-09', 1),
('russellpipal', '2016-09-10', 1),
('russellpipal', '2016-09-11', 1),
('russellpipal', '2016-09-12', 1),
('russellpipal', '2016-09-13', 1),
('russellpipal', '2016-09-14', 1),
('russellpipal', '2016-09-15', 1),
('russellpipal', '2016-09-16', 1),
('russellpipal', '2016-09-17', 1),
('russellpipal', '2016-09-18', 1),
('russellpipal', '2016-09-19', 1),
('russellpipal', '2016-09-20', 1),
('russellpipal', '2016-09-21', 0),

('alexminge', '2016-08-23', 1),
('alexminge', '2016-08-24', 1),
('alexminge', '2016-08-25', 1),
('alexminge', '2016-08-26', 1),
('alexminge', '2016-08-27', 1),
('alexminge', '2016-08-28', 1),
('alexminge', '2016-08-29', 1),
('alexminge', '2016-08-30', 1),
('alexminge', '2016-08-31', 1),
('alexminge', '2016-09-01', 1),
('alexminge', '2016-09-02', 1),
('alexminge', '2016-09-03', 1),
('alexminge', '2016-09-04', 1),
('alexminge', '2016-09-05', 1),
('alexminge', '2016-09-06', 1),
('alexminge', '2016-09-07', 1),
('alexminge', '2016-09-08', 1),
('alexminge', '2016-09-09', 1),
('alexminge', '2016-09-10', 1),
('alexminge', '2016-09-11', 1),
('alexminge', '2016-09-12', 1),
('alexminge', '2016-09-13', 1),
('alexminge', '2016-09-14', 1),
('alexminge', '2016-09-15', 1),
('alexminge', '2016-09-16', 1),
('alexminge', '2016-09-17', 1),
('alexminge', '2016-09-18', 1),
('alexminge', '2016-09-19', 1),
('alexminge', '2016-09-20', 1),
('alexminge', '2016-09-21', 1),

('SamSunders', '2016-08-23', 1),
('SamSunders', '2016-08-24', 1),
('SamSunders', '2016-08-25', 0),
('SamSunders', '2016-08-26', 1),
('SamSunders', '2016-08-27', 1),
('SamSunders', '2016-08-28', 1),
('SamSunders', '2016-08-29', 1),
('SamSunders', '2016-08-30', 1),
('SamSunders', '2016-08-31', 1),
('SamSunders', '2016-09-01', 0),
('SamSunders', '2016-09-02', 0),
('SamSunders', '2016-09-03', 0),
('SamSunders', '2016-09-04', 0),
('SamSunders', '2016-09-05', 0),
('SamSunders', '2016-09-06', 0),
('SamSunders', '2016-09-07', 0),
('SamSunders', '2016-09-08', 0),
('SamSunders', '2016-09-09', 0),
('SamSunders', '2016-09-10', 0),
('SamSunders', '2016-09-11', 0),
('SamSunders', '2016-09-12', 0),
('SamSunders', '2016-09-13', 0),
('SamSunders', '2016-09-14', 0),
('SamSunders', '2016-09-15', 0),
('SamSunders', '2016-09-16', 0),
('SamSunders', '2016-09-17', 0),
('SamSunders', '2016-09-18', 0),
('SamSunders', '2016-09-19', 0),
('SamSunders', '2016-09-20', 0),
('SamSunders', '2016-09-21', 0),

('aharasymiw', '2016-08-23', 1),
('aharasymiw', '2016-08-24', 1),
('aharasymiw', '2016-08-25', 1),
('aharasymiw', '2016-08-26', 1),
('aharasymiw', '2016-08-27', 1),
('aharasymiw', '2016-08-28', 1),
('aharasymiw', '2016-08-29', 1),
('aharasymiw', '2016-08-30', 1),
('aharasymiw', '2016-08-31', 1),
('aharasymiw', '2016-09-01', 1),
('aharasymiw', '2016-09-02', 1),
('aharasymiw', '2016-09-03', 1),
('aharasymiw', '2016-09-04', 1),
('aharasymiw', '2016-09-05', 1),
('aharasymiw', '2016-09-06', 1),
('aharasymiw', '2016-09-07', 1),
('aharasymiw', '2016-09-08', 1),
('aharasymiw', '2016-09-09', 1),
('aharasymiw', '2016-09-10', 1),
('aharasymiw', '2016-09-11', 1),
('aharasymiw', '2016-09-12', 1),
('aharasymiw', '2016-09-13', 1),
('aharasymiw', '2016-09-14', 1),
('aharasymiw', '2016-09-15', 1),
('aharasymiw', '2016-09-16', 1),
('aharasymiw', '2016-09-17', 1),
('aharasymiw', '2016-09-18', 1),
('aharasymiw', '2016-09-19', 1),
('aharasymiw', '2016-09-20', 1),
('aharasymiw', '2016-09-21', 1),

('monifrancesca', '2016-08-23', 1),
('monifrancesca', '2016-08-24', 1),
('monifrancesca', '2016-08-25', 1),
('monifrancesca', '2016-08-26', 1),
('monifrancesca', '2016-08-27', 1),
('monifrancesca', '2016-08-28', 1),
('monifrancesca', '2016-08-29', 0),
('monifrancesca', '2016-08-30', 1),
('monifrancesca', '2016-08-31', 1),
('monifrancesca', '2016-09-01', 0),
('monifrancesca', '2016-09-02', 0),
('monifrancesca', '2016-09-03', 0),
('monifrancesca', '2016-09-04', 0),
('monifrancesca', '2016-09-05', 0),
('monifrancesca', '2016-09-06', 0),
('monifrancesca', '2016-09-07', 0),
('monifrancesca', '2016-09-08', 0),
('monifrancesca', '2016-09-09', 0),
('monifrancesca', '2016-09-10', 0),
('monifrancesca', '2016-09-11', 0),
('monifrancesca', '2016-09-12', 1),
('monifrancesca', '2016-09-13', 0),
('monifrancesca', '2016-09-14', 0),
('monifrancesca', '2016-09-15', 0),
('monifrancesca', '2016-09-16', 0),
('monifrancesca', '2016-09-17', 0),
('monifrancesca', '2016-09-18', 0),
('monifrancesca', '2016-09-19', 0),
('monifrancesca', '2016-09-20', 0),
('monifrancesca', '2016-09-21', 0),

('Littlewhelan', '2016-08-23', 1),
('Littlewhelan', '2016-08-24', 1),
('Littlewhelan', '2016-08-25', 1),
('Littlewhelan', '2016-08-26', 1),
('Littlewhelan', '2016-08-27', 1),
('Littlewhelan', '2016-08-28', 1),
('Littlewhelan', '2016-08-29', 1),
('Littlewhelan', '2016-08-30', 1),
('Littlewhelan', '2016-08-31', 1),
('Littlewhelan', '2016-09-01', 1),
('Littlewhelan', '2016-09-02', 1),
('Littlewhelan', '2016-09-03', 1),
('Littlewhelan', '2016-09-04', 1),
('Littlewhelan', '2016-09-05', 0),
('Littlewhelan', '2016-09-06', 1),
('Littlewhelan', '2016-09-07', 1),
('Littlewhelan', '2016-09-08', 1),
('Littlewhelan', '2016-09-09', 1),
('Littlewhelan', '2016-09-10', 1),
('Littlewhelan', '2016-09-11', 1),
('Littlewhelan', '2016-09-12', 1),
('Littlewhelan', '2016-09-13', 1),
('Littlewhelan', '2016-09-14', 1),
('Littlewhelan', '2016-09-15', 1),
('Littlewhelan', '2016-09-16', 0),
('Littlewhelan', '2016-09-17', 1),
('Littlewhelan', '2016-09-18', 1),
('Littlewhelan', '2016-09-19', 1),
('Littlewhelan', '2016-09-20', 1),
('Littlewhelan', '2016-09-21', 1);



-- s1_data --

CREATE TABLE s1_data (
id SERIAL PRIMARY KEY,
github varchar(50), -- relational mark
date varchar(12),
commits smallint
);

INSERT INTO s1_data (github, date, commits)
VALUES
('shklein','2016-07-18',1),
('shklein','2016-07-19',1),
('shklein','2016-07-20',1),
('shklein','2016-07-21',1),
('shklein','2016-07-22',1),
('shklein','2016-07-23',1),
('shklein','2016-07-24',0),
('shklein','2016-07-25',1),
('shklein','2016-07-26',1),
('shklein','2016-07-27',1),
('shklein','2016-07-28',1),
('shklein','2016-07-29',1),
('shklein','2016-07-30',1),
('shklein','2016-07-31',1),
('shklein','2016-08-01',1),
('shklein','2016-08-02',1),
('shklein','2016-08-03',1),
('shklein','2016-08-04',1),
('shklein','2016-08-05',1),
('shklein','2016-08-06',1),
('shklein','2016-08-07',0),
('shklein','2016-08-08',1),
('shklein','2016-08-09',1),
('shklein','2016-08-10',1),
('shklein','2016-08-11',1),
('shklein','2016-08-12',0),
('shklein','2016-08-13',1),
('shklein','2016-08-14',1),
('shklein','2016-08-15',1),
('shklein','2016-08-16',1),
('aaronrmcgrath','2016-07-18',1),
('aaronrmcgrath','2016-07-19',1),
('aaronrmcgrath','2016-07-20',1),
('aaronrmcgrath','2016-07-21',0),
('aaronrmcgrath','2016-07-22',1),
('aaronrmcgrath','2016-07-23',1),
('aaronrmcgrath','2016-07-24',1),
('aaronrmcgrath','2016-07-25',1),
('aaronrmcgrath','2016-07-26',1),
('aaronrmcgrath','2016-07-27',1),
('aaronrmcgrath','2016-07-28',1),
('aaronrmcgrath','2016-07-29',0),
('aaronrmcgrath','2016-07-30',0),
('aaronrmcgrath','2016-07-31',0),
('aaronrmcgrath','2016-08-01',1),
('aaronrmcgrath','2016-08-02',1),
('aaronrmcgrath','2016-08-03',0),
('aaronrmcgrath','2016-08-04',1),
('aaronrmcgrath','2016-08-05',1),
('aaronrmcgrath','2016-08-06',0),
('aaronrmcgrath','2016-08-07',1),
('aaronrmcgrath','2016-08-08',1),
('aaronrmcgrath','2016-08-09',0),
('aaronrmcgrath','2016-08-10',0),
('aaronrmcgrath','2016-08-11',1),
('aaronrmcgrath','2016-08-12',1),
('aaronrmcgrath','2016-08-13',0),
('aaronrmcgrath','2016-08-14',1),
('aaronrmcgrath','2016-08-15',1),
('aaronrmcgrath','2016-08-16',1),
('savionguyen','2016-07-18',0),
('savionguyen','2016-07-19',1),
('savionguyen','2016-07-20',1),
('savionguyen','2016-07-21',1),
('savionguyen','2016-07-22',1),
('savionguyen','2016-07-23',1),
('savionguyen','2016-07-24',1),
('savionguyen','2016-07-25',1),
('savionguyen','2016-07-26',1),
('savionguyen','2016-07-27',1),
('savionguyen','2016-07-28',1),
('savionguyen','2016-07-29',1),
('savionguyen','2016-07-30',1),
('savionguyen','2016-07-31',1),
('savionguyen','2016-08-01',1),
('savionguyen','2016-08-02',1),
('savionguyen','2016-08-03',1),
('savionguyen','2016-08-04',1),
('savionguyen','2016-08-05',1),
('savionguyen','2016-08-06',1),
('savionguyen','2016-08-07',1),
('savionguyen','2016-08-08',1),
('savionguyen','2016-08-09',1),
('savionguyen','2016-08-10',1),
('savionguyen','2016-08-11',1),
('savionguyen','2016-08-12',1),
('savionguyen','2016-08-13',1),
('savionguyen','2016-08-14',1),
('savionguyen','2016-08-15',1),
('savionguyen','2016-08-16',1),
('HillaryManning','2016-07-18',1),
('HillaryManning','2016-07-19',1),
('HillaryManning','2016-07-20',1),
('HillaryManning','2016-07-21',1),
('HillaryManning','2016-07-22',1),
('HillaryManning','2016-07-23',1),
('HillaryManning','2016-07-24',1),
('HillaryManning','2016-07-25',1),
('HillaryManning','2016-07-26',1),
('HillaryManning','2016-07-27',1),
('HillaryManning','2016-07-28',1),
('HillaryManning','2016-07-29',1),
('HillaryManning','2016-07-30',1),
('HillaryManning','2016-07-31',1),
('HillaryManning','2016-08-01',1),
('HillaryManning','2016-08-02',1),
('HillaryManning','2016-08-03',1),
('HillaryManning','2016-08-04',1),
('HillaryManning','2016-08-05',1),
('HillaryManning','2016-08-06',1),
('HillaryManning','2016-08-07',1),
('HillaryManning','2016-08-08',1),
('HillaryManning','2016-08-09',1),
('HillaryManning','2016-08-10',1),
('HillaryManning','2016-08-11',1),
('HillaryManning','2016-08-12',1),
('HillaryManning','2016-08-13',1),
('HillaryManning','2016-08-14',1),
('HillaryManning','2016-08-15',1),
('HillaryManning','2016-08-16',1),
('ekmpls','2016-07-18',1),
('ekmpls','2016-07-19',1),
('ekmpls','2016-07-20',1),
('ekmpls','2016-07-21',1),
('ekmpls','2016-07-22',1),
('ekmpls','2016-07-23',1),
('ekmpls','2016-07-24',0),
('ekmpls','2016-07-25',0),
('ekmpls','2016-07-26',0),
('ekmpls','2016-07-27',0),
('ekmpls','2016-07-28',1),
('ekmpls','2016-07-29',1),
('ekmpls','2016-07-30',0),
('ekmpls','2016-07-31',0),
('ekmpls','2016-08-01',0),
('ekmpls','2016-08-02',0),
('ekmpls','2016-08-03',0),
('ekmpls','2016-08-04',0),
('ekmpls','2016-08-05',0),
('ekmpls','2016-08-06',0),
('ekmpls','2016-08-07',0),
('ekmpls','2016-08-08',0),
('ekmpls','2016-08-09',1),
('ekmpls','2016-08-10',1),
('ekmpls','2016-08-11',1),
('ekmpls','2016-08-12',1),
('ekmpls','2016-08-13',1),
('ekmpls','2016-08-14',1),
('ekmpls','2016-08-15',1),
('ekmpls','2016-08-16',1),
('lahusiak','2016-07-18',1),
('lahusiak','2016-07-19',1),
('lahusiak','2016-07-20',1),
('lahusiak','2016-07-21',1),
('lahusiak','2016-07-22',0),
('lahusiak','2016-07-23',1),
('lahusiak','2016-07-24',0),
('lahusiak','2016-07-25',1),
('lahusiak','2016-07-26',1),
('lahusiak','2016-07-27',1),
('lahusiak','2016-07-28',1),
('lahusiak','2016-07-29',1),
('lahusiak','2016-07-30',1),
('lahusiak','2016-07-31',1),
('lahusiak','2016-08-01',0),
('lahusiak','2016-08-02',1),
('lahusiak','2016-08-03',1),
('lahusiak','2016-08-04',1),
('lahusiak','2016-08-05',1),
('lahusiak','2016-08-06',1),
('lahusiak','2016-08-07',0),
('lahusiak','2016-08-08',1),
('lahusiak','2016-08-09',1),
('lahusiak','2016-08-10',1),
('lahusiak','2016-08-11',1),
('lahusiak','2016-08-12',1),
('lahusiak','2016-08-13',0),
('lahusiak','2016-08-14',1),
('lahusiak','2016-08-15',1),
('lahusiak','2016-08-16',1),
('EricWAnderson','2016-07-18',0),
('EricWAnderson','2016-07-19',1),
('EricWAnderson','2016-07-20',1),
('EricWAnderson','2016-07-21',1),
('EricWAnderson','2016-07-22',1),
('EricWAnderson','2016-07-23',0),
('EricWAnderson','2016-07-24',0),
('EricWAnderson','2016-07-25',1),
('EricWAnderson','2016-07-26',1),
('EricWAnderson','2016-07-27',1),
('EricWAnderson','2016-07-28',1),
('EricWAnderson','2016-07-29',1),
('EricWAnderson','2016-07-30',0),
('EricWAnderson','2016-07-31',0),
('EricWAnderson','2016-08-01',1),
('EricWAnderson','2016-08-02',0),
('EricWAnderson','2016-08-03',0),
('EricWAnderson','2016-08-04',0),
('EricWAnderson','2016-08-05',0),
('EricWAnderson','2016-08-06',0),
('EricWAnderson','2016-08-07',0),
('EricWAnderson','2016-08-08',0),
('EricWAnderson','2016-08-09',0),
('EricWAnderson','2016-08-10',0),
('EricWAnderson','2016-08-11',0),
('EricWAnderson','2016-08-12',0),
('EricWAnderson','2016-08-13',0),
('EricWAnderson','2016-08-14',0),
('EricWAnderson','2016-08-15',0),
('EricWAnderson','2016-08-16',0),
('glydeb','2016-07-18',1),
('glydeb','2016-07-19',1),
('glydeb','2016-07-20',1),
('glydeb','2016-07-21',1),
('glydeb','2016-07-22',1),
('glydeb','2016-07-23',1),
('glydeb','2016-07-24',1),
('glydeb','2016-07-25',1),
('glydeb','2016-07-26',1),
('glydeb','2016-07-27',1),
('glydeb','2016-07-28',1),
('glydeb','2016-07-29',1),
('glydeb','2016-07-30',1),
('glydeb','2016-07-31',1),
('glydeb','2016-08-01',1),
('glydeb','2016-08-02',1),
('glydeb','2016-08-03',1),
('glydeb','2016-08-04',1),
('glydeb','2016-08-05',1),
('glydeb','2016-08-06',1),
('glydeb','2016-08-07',1),
('glydeb','2016-08-08',1),
('glydeb','2016-08-09',1),
('glydeb','2016-08-10',1),
('glydeb','2016-08-11',1),
('glydeb','2016-08-12',1),
('glydeb','2016-08-13',1),
('glydeb','2016-08-14',1),
('glydeb','2016-08-15',1),
('glydeb','2016-08-16',1),
('zachkusz','2016-07-18',1),
('zachkusz','2016-07-19',1),
('zachkusz','2016-07-20',1),
('zachkusz','2016-07-21',1),
('zachkusz','2016-07-22',1),
('zachkusz','2016-07-23',1),
('zachkusz','2016-07-24',1),
('zachkusz','2016-07-25',1),
('zachkusz','2016-07-26',1),
('zachkusz','2016-07-27',1),
('zachkusz','2016-07-28',1),
('zachkusz','2016-07-29',1),
('zachkusz','2016-07-30',1),
('zachkusz','2016-07-31',0),
('zachkusz','2016-08-01',0),
('zachkusz','2016-08-02',1),
('zachkusz','2016-08-03',0),
('zachkusz','2016-08-04',0),
('zachkusz','2016-08-05',0),
('zachkusz','2016-08-06',0),
('zachkusz','2016-08-07',0),
('zachkusz','2016-08-08',0),
('zachkusz','2016-08-09',0),
('zachkusz','2016-08-10',0),
('zachkusz','2016-08-11',0),
('zachkusz','2016-08-12',0),
('zachkusz','2016-08-13',0),
('zachkusz','2016-08-14',0),
('zachkusz','2016-08-15',0),
('zachkusz','2016-08-16',0),
('minimart','2016-07-18',1),
('minimart','2016-07-19',1),
('minimart','2016-07-21',1),
('minimart','2016-07-22',1),
('minimart','2016-07-23',1),
('minimart','2016-07-24',1),
('minimart','2016-07-25',1),
('minimart','2016-07-26',1),
('minimart','2016-07-27',1),
('minimart','2016-07-28',0),
('minimart','2016-07-29',1),
('minimart','2016-07-30',0),
('minimart','2016-07-31',1),
('minimart','2016-08-01',1),
('minimart','2016-08-02',1),
('minimart','2016-08-03',0),
('minimart','2016-08-04',1),
('minimart','2016-08-05',1),
('minimart','2016-08-06',1),
('minimart','2016-08-07',1),
('minimart','2016-08-08',1),
('minimart','2016-08-09',1),
('minimart','2016-08-10',0),
('minimart','2016-08-11',1),
('minimart','2016-08-12',1),
('minimart','2016-08-13',1),
('minimart','2016-08-14',1),
('minimart','2016-08-15',1),
('minimart','2016-08-16',1),
('airwolff','2016-07-18',1),
('airwolff','2016-07-19',0),
('airwolff','2016-07-20',0),
('airwolff','2016-07-21',0),
('airwolff','2016-07-22',0),
('airwolff','2016-07-23',0),
('airwolff','2016-07-24',1),
('airwolff','2016-07-25',1),
('airwolff','2016-07-26',1),
('airwolff','2016-07-27',1),
('airwolff','2016-07-28',1),
('airwolff','2016-07-29',0),
('airwolff','2016-07-30',0),
('airwolff','2016-07-31',0),
('airwolff','2016-08-01',0),
('airwolff','2016-08-02',0),
('airwolff','2016-08-03',0),
('airwolff','2016-08-04',0),
('airwolff','2016-08-05',0),
('airwolff','2016-08-06',0),
('airwolff','2016-08-07',0),
('airwolff','2016-08-08',0),
('airwolff','2016-08-09',1),
('airwolff','2016-08-10',0),
('airwolff','2016-08-11',0),
('airwolff','2016-08-12',1),
('airwolff','2016-08-13',0),
('airwolff','2016-08-14',0),
('airwolff','2016-08-15',0),
('airwolff','2016-08-16',0),
('hankandre','2016-07-18',0),
('hankandre','2016-07-19',1),
('hankandre','2016-07-20',1),
('hankandre','2016-07-21',1),
('hankandre','2016-07-22',0),
('hankandre','2016-07-23',1),
('hankandre','2016-07-24',0),
('hankandre','2016-07-25',1),
('hankandre','2016-07-26',1),
('hankandre','2016-07-27',1),
('hankandre','2016-07-28',1),
('hankandre','2016-07-29',0),
('hankandre','2016-07-30',0),
('hankandre','2016-07-31',0),
('hankandre','2016-08-01',0),
('hankandre','2016-08-02',0),
('hankandre','2016-08-03',1),
('hankandre','2016-08-04',1),
('hankandre','2016-08-05',1),
('hankandre','2016-08-06',1),
('hankandre','2016-08-07',1),
('hankandre','2016-08-08',1),
('hankandre','2016-08-09',1),
('hankandre','2016-08-10',1),
('hankandre','2016-08-11',0),
('hankandre','2016-08-12',1),
('hankandre','2016-08-13',0),
('hankandre','2016-08-14',0),
('hankandre','2016-08-15',0),
('hankandre','2016-08-16',1),
('atousley','2016-07-18',0),
('atousley','2016-07-19',1),
('atousley','2016-07-20',1),
('atousley','2016-07-21',1),
('atousley','2016-07-22',1),
('atousley','2016-07-23',0),
('atousley','2016-07-24',0),
('atousley','2016-07-25',0),
('atousley','2016-07-26',0),
('atousley','2016-07-27',1),
('atousley','2016-07-28',1),
('atousley','2016-07-29',0),
('atousley','2016-07-30',0),
('atousley','2016-07-31',0),
('atousley','2016-08-01',0),
('atousley','2016-08-02',0),
('atousley','2016-08-03',0),
('atousley','2016-08-04',0),
('atousley','2016-08-05',0),
('atousley','2016-08-06',0),
('atousley','2016-08-07',0),
('atousley','2016-08-08',0),
('atousley','2016-08-09',0),
('atousley','2016-08-10',0),
('atousley','2016-08-11',0),
('atousley','2016-08-12',0),
('atousley','2016-08-13',0),
('atousley','2016-08-14',0),
('atousley','2016-08-15',0),
('atousley','2016-08-16',0),
('chavocado','2016-07-18',1),
('chavocado','2016-07-19',1),
('chavocado','2016-07-20',1),
('chavocado','2016-07-21',1),
('chavocado','2016-07-22',1),
('chavocado','2016-07-23',1),
('chavocado','2016-07-24',1),
('chavocado','2016-07-25',0),
('chavocado','2016-07-26',1),
('chavocado','2016-07-27',1),
('chavocado','2016-07-28',1),
('chavocado','2016-07-29',0),
('chavocado','2016-07-30',0),
('chavocado','2016-07-31',1),
('chavocado','2016-08-01',0),
('chavocado','2016-08-02',0),
('chavocado','2016-08-03',0),
('chavocado','2016-08-04',1),
('chavocado','2016-08-05',0),
('chavocado','2016-08-06',0),
('chavocado','2016-08-07',0),
('chavocado','2016-08-08',0),
('chavocado','2016-08-09',0),
('chavocado','2016-08-10',0),
('chavocado','2016-08-11',0),
('chavocado','2016-08-12',0),
('chavocado','2016-08-13',0),
('chavocado','2016-08-14',0),
('chavocado','2016-08-15',0),
('chavocado','2016-08-16',0),
('bruntrd','2016-07-18',0),
('bruntrd','2016-07-19',1),
('bruntrd','2016-07-20',1),
('bruntrd','2016-07-21',1),
('bruntrd','2016-07-22',0),
('bruntrd','2016-07-23',1),
('bruntrd','2016-07-24',1),
('bruntrd','2016-07-25',1),
('bruntrd','2016-07-26',1),
('bruntrd','2016-07-27',1),
('bruntrd','2016-07-28',0),
('bruntrd','2016-07-29',0),
('bruntrd','2016-07-30',0),
('bruntrd','2016-07-31',1),
('bruntrd','2016-08-01',0),
('bruntrd','2016-08-02',0),
('bruntrd','2016-08-03',0),
('bruntrd','2016-08-04',0),
('bruntrd','2016-08-05',0),
('bruntrd','2016-08-06',0),
('bruntrd','2016-08-07',0),
('bruntrd','2016-08-08',0),
('bruntrd','2016-08-09',0),
('bruntrd','2016-08-10',0),
('bruntrd','2016-08-11',0),
('bruntrd','2016-08-12',0),
('bruntrd','2016-08-13',0),
('bruntrd','2016-08-14',0),
('bruntrd','2016-08-15',0),
('bruntrd','2016-08-16',0),
('cairnstan','2016-07-18',1),
('cairnstan','2016-07-19',1),
('cairnstan','2016-07-20',1),
('cairnstan','2016-07-21',1),
('cairnstan','2016-07-22',1),
('cairnstan','2016-07-23',1),
('cairnstan','2016-07-24',1),
('cairnstan','2016-07-25',1),
('cairnstan','2016-07-26',1),
('cairnstan','2016-07-27',1),
('cairnstan','2016-07-28',1),
('cairnstan','2016-07-29',1),
('cairnstan','2016-07-30',1),
('cairnstan','2016-07-31',1),
('cairnstan','2016-08-01',1),
('cairnstan','2016-08-02',1),
('cairnstan','2016-08-03',1),
('cairnstan','2016-08-04',1),
('cairnstan','2016-08-05',1),
('cairnstan','2016-08-06',1),
('cairnstan','2016-08-07',1),
('cairnstan','2016-08-08',1),
('cairnstan','2016-08-09',1),
('cairnstan','2016-08-10',1),
('cairnstan','2016-08-11',1),
('cairnstan','2016-08-12',1),
('cairnstan','2016-08-13',1),
('cairnstan','2016-08-14',1),
('cairnstan','2016-08-15',1),
('cairnstan','2016-08-16',1),
('Shinybirdy','2016-07-18',1),
('Shinybirdy','2016-07-19',1),
('Shinybirdy','2016-07-20',1),
('Shinybirdy','2016-07-21',1),
('Shinybirdy','2016-07-22',0),
('Shinybirdy','2016-07-23',1),
('Shinybirdy','2016-07-24',1),
('Shinybirdy','2016-07-25',1),
('Shinybirdy','2016-07-26',1),
('Shinybirdy','2016-07-27',1),
('Shinybirdy','2016-07-28',1),
('Shinybirdy','2016-07-29',1),
('Shinybirdy','2016-07-30',1),
('Shinybirdy','2016-07-31',1),
('Shinybirdy','2016-08-01',1),
('Shinybirdy','2016-08-02',1),
('Shinybirdy','2016-08-03',0),
('Shinybirdy','2016-08-04',1),
('Shinybirdy','2016-08-05',1),
('Shinybirdy','2016-08-06',1),
('Shinybirdy','2016-08-08',1),
('Shinybirdy','2016-08-09',0),
('Shinybirdy','2016-08-10',1),
('Shinybirdy','2016-08-11',1),
('Shinybirdy','2016-08-12',1),
('Shinybirdy','2016-08-13',1),
('Shinybirdy','2016-08-14',1),
('Shinybirdy','2016-08-15',1),
('Shinybirdy','2016-08-16',1),
('peters313','2016-07-18',1),
('peters313','2016-07-19',1),
('peters313','2016-07-20',1),
('peters313','2016-07-21',1),
('peters313','2016-07-22',1),
('peters313','2016-07-23',1),
('peters313','2016-07-24',1),
('peters313','2016-07-25',1),
('peters313','2016-07-26',1),
('peters313','2016-07-27',1),
('peters313','2016-07-28',1),
('peters313','2016-07-29',1),
('peters313','2016-07-30',1),
('peters313','2016-07-31',1),
('peters313','2016-08-01',1),
('peters313','2016-08-02',1),
('peters313','2016-08-03',1),
('peters313','2016-08-04',1),
('peters313','2016-08-05',1),
('peters313','2016-08-06',1),
('peters313','2016-08-07',1),
('peters313','2016-08-08',1),
('peters313','2016-08-09',1),
('peters313','2016-08-10',1),
('peters313','2016-08-11',1),
('peters313','2016-08-12',1),
('peters313','2016-08-13',1),
('peters313','2016-08-14',1),
('peters313','2016-08-15',1),
('peters313','2016-08-16',1),
('clarejacky','2016-07-18',0),
('clarejacky','2016-07-19',0),
('clarejacky','2016-07-20',1),
('clarejacky','2016-07-21',1),
('clarejacky','2016-07-22',1),
('clarejacky','2016-07-23',0),
('clarejacky','2016-07-24',0),
('clarejacky','2016-07-25',1),
('clarejacky','2016-07-26',1),
('clarejacky','2016-07-27',1),
('clarejacky','2016-07-28',1),
('clarejacky','2016-07-29',1),
('clarejacky','2016-07-30',0),
('clarejacky','2016-07-31',0),
('clarejacky','2016-08-01',1),
('clarejacky','2016-08-02',1),
('clarejacky','2016-08-03',1),
('clarejacky','2016-08-04',1),
('clarejacky','2016-08-05',1),
('clarejacky','2016-08-06',0),
('clarejacky','2016-08-07',0),
('clarejacky','2016-08-08',0),
('clarejacky','2016-08-09',1),
('clarejacky','2016-08-10',0),
('clarejacky','2016-08-11',1),
('clarejacky','2016-08-12',1),
('clarejacky','2016-08-13',0),
('clarejacky','2016-08-14',0),
('clarejacky','2016-08-15',0),
('clarejacky','2016-08-16',0),
('BennettBatzli','2016-07-18',1),
('BennettBatzli','2016-07-19',1),
('BennettBatzli','2016-07-20',1),
('BennettBatzli','2016-07-21',1),
('BennettBatzli','2016-07-22',1),
('BennettBatzli','2016-07-23',1),
('BennettBatzli','2016-07-24',1),
('BennettBatzli','2016-07-25',1),
('BennettBatzli','2016-07-26',1),
('BennettBatzli','2016-07-27',1),
('BennettBatzli','2016-07-28',1),
('BennettBatzli','2016-07-29',1),
('BennettBatzli','2016-07-30',1),
('BennettBatzli','2016-07-31',1),
('BennettBatzli','2016-08-01',1),
('BennettBatzli','2016-08-02',1),
('BennettBatzli','2016-08-03',1),
('BennettBatzli','2016-08-04',1),
('BennettBatzli','2016-08-05',1),
('BennettBatzli','2016-08-06',1),
('BennettBatzli','2016-08-07',1),
('BennettBatzli','2016-08-08',1),
('BennettBatzli','2016-08-09',1),
('BennettBatzli','2016-08-10',1),
('BennettBatzli','2016-08-11',1),
('BennettBatzli','2016-08-12',1),
('BennettBatzli','2016-08-13',1),
('BennettBatzli','2016-08-14',1),
('BennettBatzli','2016-08-15',1),
('BennettBatzli','2016-08-16',1),
('luisdelae','2016-07-18',0),
('luisdelae','2016-07-19',1),
('luisdelae','2016-07-20',1),
('luisdelae','2016-07-21',1),
('luisdelae','2016-07-22',1),
('luisdelae','2016-07-23',0),
('luisdelae','2016-07-24',0),
('luisdelae','2016-07-25',1),
('luisdelae','2016-07-26',1),
('luisdelae','2016-07-27',1),
('luisdelae','2016-07-28',1),
('luisdelae','2016-07-29',1),
('luisdelae','2016-07-30',0),
('luisdelae','2016-07-31',0),
('luisdelae','2016-08-01',0),
('luisdelae','2016-08-02',1),
('luisdelae','2016-08-03',0),
('luisdelae','2016-08-04',0),
('luisdelae','2016-08-05',1),
('luisdelae','2016-08-06',0),
('luisdelae','2016-08-07',0),
('luisdelae','2016-08-08',0),
('luisdelae','2016-08-09',0),
('luisdelae','2016-08-10',0),
('luisdelae','2016-08-11',0),
('luisdelae','2016-08-12',0),
('luisdelae','2016-08-13',0),
('luisdelae','2016-08-14',0),
('luisdelae','2016-08-15',0),
('luisdelae','2016-08-16',0),
('eandy5000','2016-07-18',0),
('eandy5000','2016-07-19',0),
('eandy5000','2016-07-20',0),
('eandy5000','2016-07-21',0),
('eandy5000','2016-07-22',0),
('eandy5000','2016-07-23',0),
('eandy5000','2016-07-24',0),
('eandy5000','2016-07-25',0),
('eandy5000','2016-07-26',1),
('eandy5000','2016-07-27',0),
('eandy5000','2016-07-28',0),
('eandy5000','2016-07-29',0),
('eandy5000','2016-07-30',0),
('eandy5000','2016-07-31',0),
('eandy5000','2016-08-01',1),
('eandy5000','2016-08-02',0),
('eandy5000','2016-08-03',1),
('eandy5000','2016-08-04',1),
('eandy5000','2016-08-05',0),
('eandy5000','2016-08-06',1),
('eandy5000','2016-08-07',0),
('eandy5000','2016-08-08',1),
('eandy5000','2016-08-09',1),
('eandy5000','2016-08-10',1),
('eandy5000','2016-08-11',0),
('eandy5000','2016-08-12',1),
('eandy5000','2016-08-13',1),
('eandy5000','2016-08-14',1),
('eandy5000','2016-08-15',0),
('eandy5000','2016-08-16',1),
('ludstuen90','2016-07-18',1),
('ludstuen90','2016-07-19',1),
('ludstuen90','2016-07-20',0),
('ludstuen90','2016-07-21',1),
('ludstuen90','2016-07-22',1),
('ludstuen90','2016-07-23',1),
('ludstuen90','2016-07-24',1),
('ludstuen90','2016-07-25',1),
('ludstuen90','2016-07-26',1),
('ludstuen90','2016-07-27',1),
('ludstuen90','2016-07-28',1),
('ludstuen90','2016-07-30',1),
('ludstuen90','2016-07-31',1),
('ludstuen90','2016-08-02',1),
('ludstuen90','2016-08-03',1),
('ludstuen90','2016-08-05',1),
('ludstuen90','2016-08-06',1),
('ludstuen90','2016-08-08',1),
('ludstuen90','2016-08-09',1),
('ludstuen90','2016-08-10',1),
('ludstuen90','2016-08-11',1),
('ludstuen90','2016-08-12',0),
('ludstuen90','2016-08-13',1),
('ludstuen90','2016-08-14',1),
('ludstuen90','2016-08-15',1),
('ludstuen90','2016-08-16',0),
('traceylvh','2016-07-18',0),
('traceylvh','2016-07-19',1),
('traceylvh','2016-07-20',1),
('traceylvh','2016-07-21',1),
('traceylvh','2016-07-22',1),
('traceylvh','2016-07-23',1),
('traceylvh','2016-07-24',1),
('traceylvh','2016-07-25',1),
('traceylvh','2016-07-26',1),
('traceylvh','2016-07-27',1),
('traceylvh','2016-07-28',1),
('traceylvh','2016-07-29',1),
('traceylvh','2016-07-30',1),
('traceylvh','2016-07-31',1),
('traceylvh','2016-08-01',1),
('traceylvh','2016-08-02',1),
('traceylvh','2016-08-03',1),
('traceylvh','2016-08-04',1),
('traceylvh','2016-08-05',1),
('traceylvh','2016-08-06',1),
('traceylvh','2016-08-07',1),
('traceylvh','2016-08-08',1),
('traceylvh','2016-08-09',1),
('traceylvh','2016-08-10',1),
('traceylvh','2016-08-11',1),
('traceylvh','2016-08-12',1),
('traceylvh','2016-08-13',1),
('traceylvh','2016-08-14',1),
('traceylvh','2016-08-15',1),
('traceylvh','2016-08-16',1),
('jonwilsoncomedy','2016-07-19',1),
('jonwilsoncomedy','2016-07-21',1),
('jonwilsoncomedy','2016-07-22',1),
('jonwilsoncomedy','2016-07-23',1),
('jonwilsoncomedy','2016-07-24',1),
('jonwilsoncomedy','2016-07-25',1),
('jonwilsoncomedy','2016-07-26',1),
('jonwilsoncomedy','2016-07-27',1),
('jonwilsoncomedy','2016-07-28',1),
('jonwilsoncomedy','2016-07-29',1),
('jonwilsoncomedy','2016-07-30',1),
('jonwilsoncomedy','2016-07-31',1),
('jonwilsoncomedy','2016-08-01',1),
('jonwilsoncomedy','2016-08-02',1),
('jonwilsoncomedy','2016-08-03',0),
('jonwilsoncomedy','2016-08-04',1),
('jonwilsoncomedy','2016-08-05',1),
('jonwilsoncomedy','2016-08-06',1),
('jonwilsoncomedy','2016-08-07',1),
('jonwilsoncomedy','2016-08-08',1),
('jonwilsoncomedy','2016-08-09',1),
('jonwilsoncomedy','2016-08-10',1),
('jonwilsoncomedy','2016-08-11',1),
('jonwilsoncomedy','2016-08-12',1),
('jonwilsoncomedy','2016-08-13',1),
('jonwilsoncomedy','2016-08-14',1),
('jonwilsoncomedy','2016-08-15',1),
('JScearcy','2016-07-18',0),
('JScearcy','2016-07-19',1),
('JScearcy','2016-07-20',1),
('JScearcy','2016-07-21',1),
('JScearcy','2016-07-22',1),
('JScearcy','2016-07-23',1),
('JScearcy','2016-07-24',1),
('JScearcy','2016-07-25',1),
('JScearcy','2016-07-26',1),
('JScearcy','2016-07-27',1),
('JScearcy','2016-07-28',1),
('JScearcy','2016-07-29',1),
('JScearcy','2016-07-30',0),
('JScearcy','2016-07-31',1),
('JScearcy','2016-08-01',1),
('JScearcy','2016-08-02',1),
('JScearcy','2016-08-03',1),
('JScearcy','2016-08-04',1),
('JScearcy','2016-08-05',1),
('JScearcy','2016-08-06',1),
('JScearcy','2016-08-07',1),
('JScearcy','2016-08-08',1),
('JScearcy','2016-08-09',1),
('JScearcy','2016-08-10',1),
('JScearcy','2016-08-11',1),
('JScearcy','2016-08-12',1),
('JScearcy','2016-08-13',1),
('JScearcy','2016-08-14',1),
('JScearcy','2016-08-15',1),
('JScearcy','2016-08-16',1),
('bpeterson1663','2016-07-18',1),
('bpeterson1663','2016-07-19',1),
('bpeterson1663','2016-07-20',1),
('bpeterson1663','2016-07-21',1),
('bpeterson1663','2016-07-22',0),
('bpeterson1663','2016-07-23',1),
('bpeterson1663','2016-07-24',1),
('bpeterson1663','2016-07-25',1),
('bpeterson1663','2016-07-26',1),
('bpeterson1663','2016-07-27',1),
('bpeterson1663','2016-07-28',1),
('bpeterson1663','2016-07-29',1),
('bpeterson1663','2016-07-30',1),
('bpeterson1663','2016-07-31',1),
('bpeterson1663','2016-08-01',1),
('bpeterson1663','2016-08-02',1),
('bpeterson1663','2016-08-03',1),
('bpeterson1663','2016-08-04',1),
('bpeterson1663','2016-08-05',1),
('bpeterson1663','2016-08-06',1),
('bpeterson1663','2016-08-07',1),
('bpeterson1663','2016-08-08',1),
('bpeterson1663','2016-08-09',1),
('bpeterson1663','2016-08-11',1),
('bpeterson1663','2016-08-12',1),
('bpeterson1663','2016-08-13',1),
('bpeterson1663','2016-08-14',1),
('bpeterson1663','2016-08-15',1),
('bpeterson1663','2016-08-16',1),
('patkahnke','2016-07-18',0),
('patkahnke','2016-07-19',1),
('patkahnke','2016-07-20',1),
('patkahnke','2016-07-21',0),
('patkahnke','2016-07-22',1),
('patkahnke','2016-07-23',1),
('patkahnke','2016-07-24',1),
('patkahnke','2016-07-25',0),
('patkahnke','2016-07-26',1),
('patkahnke','2016-07-27',0),
('patkahnke','2016-07-28',0),
('patkahnke','2016-07-29',1),
('patkahnke','2016-07-30',1),
('patkahnke','2016-07-31',1),
('patkahnke','2016-08-01',0),
('patkahnke','2016-08-02',0),
('patkahnke','2016-08-03',0),
('patkahnke','2016-08-04',0),
('patkahnke','2016-08-05',0),
('patkahnke','2016-08-06',0),
('patkahnke','2016-08-07',0),
('patkahnke','2016-08-08',0),
('patkahnke','2016-08-09',0),
('patkahnke','2016-08-10',0),
('patkahnke','2016-08-11',0),
('patkahnke','2016-08-12',0),
('patkahnke','2016-08-13',0),
('patkahnke','2016-08-14',0),
('patkahnke','2016-08-15',0),
('patkahnke','2016-08-16',0),
('jmanders85','2016-07-18',0),
('jmanders85','2016-07-20',1),
('jmanders85','2016-07-21',1),
('jmanders85','2016-07-22',1),
('jmanders85','2016-07-23',1),
('jmanders85','2016-07-24',1),
('jmanders85','2016-07-25',1),
('jmanders85','2016-07-26',1),
('jmanders85','2016-07-27',1),
('jmanders85','2016-07-28',1),
('jmanders85','2016-07-29',1),
('jmanders85','2016-07-30',1),
('jmanders85','2016-07-31',1),
('jmanders85','2016-08-01',1),
('jmanders85','2016-08-02',1),
('jmanders85','2016-08-03',1),
('jmanders85','2016-08-04',1),
('jmanders85','2016-08-05',1),
('jmanders85','2016-08-06',1),
('jmanders85','2016-08-07',1),
('jmanders85','2016-08-08',1),
('jmanders85','2016-08-09',1),
('jmanders85','2016-08-10',1),
('jmanders85','2016-08-11',1),
('jmanders85','2016-08-12',1),
('jmanders85','2016-08-13',1),
('jmanders85','2016-08-15',1),
('jmanders85','2016-08-16',1),
('samantha212','2016-07-18',1),
('samantha212','2016-07-19',1),
('samantha212','2016-07-20',1),
('samantha212','2016-07-21',1),
('samantha212','2016-07-22',1),
('samantha212','2016-07-23',1),
('samantha212','2016-07-24',1),
('samantha212','2016-07-25',1),
('samantha212','2016-07-26',1),
('samantha212','2016-07-27',1),
('samantha212','2016-07-28',1),
('samantha212','2016-07-29',0),
('samantha212','2016-07-30',1),
('samantha212','2016-07-31',0),
('samantha212','2016-08-01',1),
('samantha212','2016-08-02',1),
('samantha212','2016-08-03',1),
('samantha212','2016-08-04',1),
('samantha212','2016-08-05',0),
('samantha212','2016-08-06',0),
('samantha212','2016-08-07',0),
('samantha212','2016-08-08',0),
('samantha212','2016-08-09',1),
('samantha212','2016-08-10',1),
('samantha212','2016-08-11',1),
('samantha212','2016-08-12',1),
('samantha212','2016-08-13',0),
('samantha212','2016-08-14',0),
('samantha212','2016-08-15',1),
('samantha212','2016-08-16',1),
('ekimlinger','2016-07-18',0),
('ekimlinger','2016-07-19',1),
('ekimlinger','2016-07-20',1),
('ekimlinger','2016-07-21',0),
('ekimlinger','2016-07-22',1),
('ekimlinger','2016-07-23',1),
('ekimlinger','2016-07-24',1),
('ekimlinger','2016-07-25',1),
('ekimlinger','2016-07-26',1),
('ekimlinger','2016-07-27',1),
('ekimlinger','2016-07-28',1),
('ekimlinger','2016-07-29',1),
('ekimlinger','2016-07-30',1),
('ekimlinger','2016-07-31',1),
('ekimlinger','2016-08-01',1),
('ekimlinger','2016-08-02',1),
('ekimlinger','2016-08-03',1),
('ekimlinger','2016-08-04',0),
('ekimlinger','2016-08-05',0),
('ekimlinger','2016-08-06',1),
('ekimlinger','2016-08-07',1),
('ekimlinger','2016-08-08',1),
('ekimlinger','2016-08-09',1),
('ekimlinger','2016-08-10',0),
('ekimlinger','2016-08-11',0),
('ekimlinger','2016-08-12',1),
('ekimlinger','2016-08-13',0),
('ekimlinger','2016-08-14',1),
('ekimlinger','2016-08-15',1),
('ekimlinger','2016-08-16',0),
('jmanders85','2016-07-18',0),
('jmanders85','2016-07-20',1),
('jmanders85','2016-07-21',1),
('jmanders85','2016-07-22',1),
('jmanders85','2016-07-23',1),
('jmanders85','2016-07-24',1),
('jmanders85','2016-07-25',1),
('jmanders85','2016-07-26',1),
('jmanders85','2016-07-27',1),
('jmanders85','2016-07-28',1),
('jmanders85','2016-07-29',1),
('jmanders85','2016-07-30',1),
('jmanders85','2016-07-31',1),
('jmanders85','2016-08-01',1),
('jmanders85','2016-08-02',1),
('jmanders85','2016-08-03',1),
('jmanders85','2016-08-04',1),
('jmanders85','2016-08-05',1),
('jmanders85','2016-08-06',1),
('jmanders85','2016-08-07',1),
('jmanders85','2016-08-08',1),
('jmanders85','2016-08-09',1),
('jmanders85','2016-08-10',1),
('jmanders85','2016-08-11',1),
('jmanders85','2016-08-12',1),
('jmanders85','2016-08-13',1),
('jmanders85','2016-08-15',1),
('jmanders85','2016-08-16',1),
('aminge37','2016-07-18',0),
('aminge37','2016-07-19',1),
('aminge37','2016-07-20',1),
('aminge37','2016-07-21',1),
('aminge37','2016-07-22',1),
('aminge37','2016-07-23',1),
('aminge37','2016-07-24',1),
('aminge37','2016-07-25',1),
('aminge37','2016-07-26',1),
('aminge37','2016-07-27',1),
('aminge37','2016-07-28',1),
('aminge37','2016-07-29',1),
('aminge37','2016-07-30',1),
('aminge37','2016-07-31',1),
('aminge37','2016-08-01',1),
('aminge37','2016-08-02',1),
('aminge37','2016-08-03',1),
('aminge37','2016-08-04',1),
('aminge37','2016-08-05',1),
('aminge37','2016-08-06',1),
('aminge37','2016-08-07',1),
('aminge37','2016-08-08',1),
('aminge37','2016-08-09',1),
('aminge37','2016-08-10',1),
('aminge37','2016-08-11',1),
('aminge37','2016-08-12',1),
('aminge37','2016-08-13',1),
('aminge37','2016-08-14',1),
('aminge37','2016-08-15',1),
('aminge37','2016-08-16',1),
('KaileyJo','2016-07-18',0),
('KaileyJo','2016-07-19',0),
('KaileyJo','2016-07-20',0),
('KaileyJo','2016-07-21',0),
('KaileyJo','2016-07-22',0),
('KaileyJo','2016-07-23',0),
('KaileyJo','2016-07-24',0),
('KaileyJo','2016-07-25',0),
('KaileyJo','2016-07-26',0),
('KaileyJo','2016-07-27',1),
('KaileyJo','2016-07-28',1),
('KaileyJo','2016-07-29',1),
('KaileyJo','2016-07-30',0),
('KaileyJo','2016-07-31',0),
('KaileyJo','2016-08-01',0),
('KaileyJo','2016-08-02',1),
('KaileyJo','2016-08-03',0),
('KaileyJo','2016-08-04',1),
('KaileyJo','2016-08-05',1),
('KaileyJo','2016-08-06',0),
('KaileyJo','2016-08-07',0),
('KaileyJo','2016-08-08',1),
('KaileyJo','2016-08-09',0),
('KaileyJo','2016-08-10',0),
('KaileyJo','2016-08-11',0),
('KaileyJo','2016-08-12',0),
('KaileyJo','2016-08-13',0),
('KaileyJo','2016-08-14',0),
('KaileyJo','2016-08-15',0),
('KaileyJo','2016-08-16',0),
('annakatherine','2016-07-18',1),
('annakatherine','2016-07-19',1),
('annakatherine','2016-07-20',0),
('annakatherine','2016-07-22',1),
('annakatherine','2016-07-23',0),
('annakatherine','2016-07-24',0),
('annakatherine','2016-07-25',1),
('annakatherine','2016-07-26',1),
('annakatherine','2016-07-28',1),
('annakatherine','2016-07-29',1),
('annakatherine','2016-07-30',1),
('annakatherine','2016-07-31',0),
('annakatherine','2016-08-01',0),
('annakatherine','2016-08-02',0),
('annakatherine','2016-08-03',0),
('annakatherine','2016-08-04',0),
('annakatherine','2016-08-05',0),
('annakatherine','2016-08-06',0),
('annakatherine','2016-08-07',0),
('annakatherine','2016-08-08',0),
('annakatherine','2016-08-09',0),
('annakatherine','2016-08-10',0),
('annakatherine','2016-08-11',0),
('annakatherine','2016-08-12',0),
('annakatherine','2016-08-13',0),
('annakatherine','2016-08-14',0),
('annakatherine','2016-08-15',0),
('annakatherine','2016-08-16',0),
('monifrancesca','2016-07-18',0),
('monifrancesca','2016-07-19',1),
('monifrancesca','2016-07-20',1),
('monifrancesca','2016-07-21',0),
('monifrancesca','2016-07-22',0),
('monifrancesca','2016-07-23',0),
('monifrancesca','2016-07-24',1),
('monifrancesca','2016-07-25',0),
('monifrancesca','2016-07-26',0),
('monifrancesca','2016-07-27',0),
('monifrancesca','2016-07-28',0),
('monifrancesca','2016-07-29',0),
('monifrancesca','2016-07-30',0),
('monifrancesca','2016-07-31',0),
('monifrancesca','2016-08-01',0),
('monifrancesca','2016-08-02',0),
('monifrancesca','2016-08-03',0),
('monifrancesca','2016-08-04',0),
('monifrancesca','2016-08-05',0),
('monifrancesca','2016-08-06',0),
('monifrancesca','2016-08-07',0),
('monifrancesca','2016-08-08',0),
('monifrancesca','2016-08-09',0),
('monifrancesca','2016-08-10',0),
('monifrancesca','2016-08-11',0),
('monifrancesca','2016-08-12',0),
('monifrancesca','2016-08-13',0),
('monifrancesca','2016-08-14',0),
('monifrancesca','2016-08-15',0),
('monifrancesca','2016-08-16',0),
('schooolman','2016-07-18',0),
('schooolman','2016-07-19',0),
('schooolman','2016-07-20',1),
('schooolman','2016-07-21',1),
('schooolman','2016-07-22',1),
('schooolman','2016-07-23',1),
('schooolman','2016-07-24',1),
('schooolman','2016-07-25',0),
('schooolman','2016-07-26',1),
('schooolman','2016-07-27',1),
('schooolman','2016-07-28',1),
('schooolman','2016-07-29',1),
('schooolman','2016-07-30',1),
('schooolman','2016-07-31',1),
('schooolman','2016-08-01',1),
('schooolman','2016-08-02',1),
('schooolman','2016-08-03',1),
('schooolman','2016-08-04',1),
('schooolman','2016-08-05',0),
('schooolman','2016-08-06',1),
('schooolman','2016-08-07',1),
('schooolman','2016-08-08',1),
('schooolman','2016-08-09',1),
('schooolman','2016-08-10',0),
('schooolman','2016-08-11',0),
('schooolman','2016-08-12',0),
('schooolman','2016-08-13',0),
('schooolman','2016-08-14',0),
('schooolman','2016-08-15',0),
('schooolman','2016-08-16',0),
('joh04667','2016-07-18',0),
('joh04667','2016-07-19',1),
('joh04667','2016-07-20',1),
('joh04667','2016-07-21',1),
('joh04667','2016-07-22',1),
('joh04667','2016-07-23',1),
('joh04667','2016-07-24',1),
('joh04667','2016-07-25',1),
('joh04667','2016-07-26',1),
('joh04667','2016-07-27',1),
('joh04667','2016-07-28',1),
('joh04667','2016-07-29',1),
('joh04667','2016-07-30',1),
('joh04667','2016-07-31',1),
('joh04667','2016-08-01',1),
('joh04667','2016-08-02',1),
('joh04667','2016-08-03',1),
('joh04667','2016-08-04',1),
('joh04667','2016-08-05',1),
('joh04667','2016-08-06',1),
('joh04667','2016-08-07',1),
('joh04667','2016-08-08',1),
('joh04667','2016-08-09',1),
('joh04667','2016-08-10',1),
('joh04667','2016-08-11',1),
('joh04667','2016-08-12',0),
('joh04667','2016-08-13',0),
('joh04667','2016-08-14',0),
('joh04667','2016-08-15',0),
('joh04667','2016-08-16',0),
('paige-walters','2016-07-18',0),
('paige-walters','2016-07-19',1),
('paige-walters','2016-07-20',1),
('paige-walters','2016-07-21',1),
('paige-walters','2016-07-22',1),
('paige-walters','2016-07-23',0),
('paige-walters','2016-07-24',0),
('paige-walters','2016-07-25',0),
('paige-walters','2016-07-26',0),
('paige-walters','2016-07-27',1),
('paige-walters','2016-07-28',1),
('paige-walters','2016-07-29',0),
('paige-walters','2016-07-30',0),
('paige-walters','2016-07-31',1),
('paige-walters','2016-08-01',1),
('paige-walters','2016-08-02',1),
('paige-walters','2016-08-03',0),
('paige-walters','2016-08-04',1),
('paige-walters','2016-08-05',1),
('paige-walters','2016-08-06',0),
('paige-walters','2016-08-07',0),
('paige-walters','2016-08-08',1),
('paige-walters','2016-08-09',1),
('paige-walters','2016-08-10',0),
('paige-walters','2016-08-11',1),
('paige-walters','2016-08-12',0),
('paige-walters','2016-08-13',0),
('paige-walters','2016-08-14',0),
('paige-walters','2016-08-15',0),
('paige-walters','2016-08-16',0),
('zcher82','2016-07-18',0),
('zcher82','2016-07-19',1),
('zcher82','2016-07-20',1),
('zcher82','2016-07-21',1),
('zcher82','2016-07-22',1),
('zcher82','2016-07-23',1),
('zcher82','2016-07-24',0),
('zcher82','2016-07-25',1),
('zcher82','2016-07-26',1),
('zcher82','2016-07-27',1),
('zcher82','2016-07-28',1),
('zcher82','2016-07-29',0),
('zcher82','2016-07-30',0),
('zcher82','2016-07-31',1),
('zcher82','2016-08-01',1),
('zcher82','2016-08-02',1),
('zcher82','2016-08-03',1),
('zcher82','2016-08-04',1),
('zcher82','2016-08-05',1),
('zcher82','2016-08-06',0),
('zcher82','2016-08-07',0),
('zcher82','2016-08-08',0),
('zcher82','2016-08-09',0),
('zcher82','2016-08-10',0),
('zcher82','2016-08-11',0),
('zcher82','2016-08-12',0),
('zcher82','2016-08-13',0),
('zcher82','2016-08-14',0),
('zcher82','2016-08-15',0),
('zcher82','2016-08-16',0),
('jenjeep7','2016-07-18',0),
('jenjeep7','2016-07-19',1),
('jenjeep7','2016-07-20',1),
('jenjeep7','2016-07-21',0),
('jenjeep7','2016-07-22',1),
('jenjeep7','2016-07-23',1),
('jenjeep7','2016-07-24',1),
('jenjeep7','2016-07-25',1),
('jenjeep7','2016-07-26',1),
('jenjeep7','2016-07-27',1),
('jenjeep7','2016-07-28',1),
('jenjeep7','2016-07-29',1),
('jenjeep7','2016-07-30',1),
('jenjeep7','2016-07-31',0),
('jenjeep7','2016-08-01',0),
('jenjeep7','2016-08-02',0),
('jenjeep7','2016-08-03',0),
('jenjeep7','2016-08-04',0),
('jenjeep7','2016-08-05',0),
('jenjeep7','2016-08-06',0),
('jenjeep7','2016-08-07',0),
('jenjeep7','2016-08-08',0),
('jenjeep7','2016-08-09',0),
('jenjeep7','2016-08-10',0),
('jenjeep7','2016-08-11',0),
('jenjeep7','2016-08-12',0),
('jenjeep7','2016-08-13',0),
('jenjeep7','2016-08-14',0),
('jenjeep7','2016-08-15',0),
('jenjeep7','2016-08-16',0),
('Mandosis','2016-07-18',1),
('Mandosis','2016-07-19',1),
('Mandosis','2016-07-20',1),
('Mandosis','2016-07-21',1),
('Mandosis','2016-07-22',1),
('Mandosis','2016-07-23',1),
('Mandosis','2016-07-24',1),
('Mandosis','2016-07-25',1),
('Mandosis','2016-07-26',1),
('Mandosis','2016-07-27',1),
('Mandosis','2016-07-28',1),
('Mandosis','2016-07-29',1),
('Mandosis','2016-07-30',1),
('Mandosis','2016-08-01',1),
('Mandosis','2016-08-02',1),
('Mandosis','2016-08-03',1),
('Mandosis','2016-08-04',1),
('Mandosis','2016-08-05',1),
('Mandosis','2016-08-06',1),
('Mandosis','2016-08-07',1),
('Mandosis','2016-08-08',1),
('Mandosis','2016-08-09',1),
('Mandosis','2016-08-10',1),
('Mandosis','2016-08-11',1),
('Mandosis','2016-08-12',1),
('Mandosis','2016-08-13',1),
('Mandosis','2016-08-14',1),
('Mandosis','2016-08-15',1),
('Mandosis','2016-08-16',1),
('mablchnole','2016-07-18',1),
('mablchnole','2016-07-19',1),
('mablchnole','2016-07-20',1),
('mablchnole','2016-07-21',1),
('mablchnole','2016-07-22',1),
('mablchnole','2016-07-23',1),
('mablchnole','2016-07-24',1),
('mablchnole','2016-07-25',1),
('mablchnole','2016-07-26',1),
('mablchnole','2016-07-27',1),
('mablchnole','2016-07-28',1),
('mablchnole','2016-07-29',1),
('mablchnole','2016-07-30',1),
('mablchnole','2016-08-01',1),
('mablchnole','2016-08-02',1),
('mablchnole','2016-08-03',1),
('mablchnole','2016-08-05',1),
('mablchnole','2016-08-06',1),
('mablchnole','2016-08-08',1),
('mablchnole','2016-08-09',1),
('mablchnole','2016-08-10',0),
('mablchnole','2016-08-11',0),
('mablchnole','2016-08-12',0),
('mablchnole','2016-08-13',0),
('mablchnole','2016-08-14',0),
('mablchnole','2016-08-15',0),
('mablchnole','2016-08-16',1),
('scottbromander','2016-07-18',1),
('scottbromander','2016-07-19',1),
('scottbromander','2016-07-20',1),
('scottbromander','2016-07-21',1),
('scottbromander','2016-07-22',1),
('scottbromander','2016-07-23',1),
('scottbromander','2016-07-24',1),
('scottbromander','2016-07-25',1),
('scottbromander','2016-07-26',1),
('scottbromander','2016-07-27',1),
('scottbromander','2016-07-28',1),
('scottbromander','2016-07-29',1),
('scottbromander','2016-07-30',1),
('scottbromander','2016-07-31',1),
('scottbromander','2016-08-01',1),
('scottbromander','2016-08-02',1),
('scottbromander','2016-08-03',1),
('scottbromander','2016-08-04',1),
('scottbromander','2016-08-05',1),
('scottbromander','2016-08-07',1),
('scottbromander','2016-08-09',1),
('scottbromander','2016-08-10',1),
('scottbromander','2016-08-11',1),
('scottbromander','2016-08-12',1),
('scottbromander','2016-08-13',1),
('scottbromander','2016-08-14',1),
('scottbromander','2016-08-15',1),
('scottbromander','2016-08-16',1),
('laurakressin','2016-07-18',1),
('laurakressin','2016-07-19',1),
('laurakressin','2016-07-20',1),
('laurakressin','2016-07-21',1),
('laurakressin','2016-07-22',1),
('laurakressin','2016-07-23',1),
('laurakressin','2016-07-24',1),
('laurakressin','2016-07-25',1),
('laurakressin','2016-07-26',1),
('laurakressin','2016-07-27',0),
('laurakressin','2016-07-28',1),
('laurakressin','2016-07-29',0),
('laurakressin','2016-07-30',1),
('laurakressin','2016-07-31',1),
('laurakressin','2016-08-01',0),
('laurakressin','2016-08-02',1),
('laurakressin','2016-08-03',0),
('laurakressin','2016-08-04',1),
('laurakressin','2016-08-05',1),
('laurakressin','2016-08-06',1),
('laurakressin','2016-08-07',0),
('laurakressin','2016-08-08',1),
('laurakressin','2016-08-09',1),
('laurakressin','2016-08-10',1),
('laurakressin','2016-08-11',0),
('laurakressin','2016-08-12',0),
('laurakressin','2016-08-13',0),
('laurakressin','2016-08-14',0),
('laurakressin','2016-08-15',0),
('laurakressin','2016-08-16',0),
('cassandradanger','2016-07-18',0),
('cassandradanger','2016-07-19',1),
('cassandradanger','2016-07-20',1),
('cassandradanger','2016-07-21',1),
('cassandradanger','2016-07-22',0),
('cassandradanger','2016-07-23',0),
('cassandradanger','2016-07-24',0),
('cassandradanger','2016-07-25',0),
('cassandradanger','2016-07-26',0),
('cassandradanger','2016-07-27',0),
('cassandradanger','2016-07-28',1),
('cassandradanger','2016-07-29',0),
('cassandradanger','2016-07-30',0),
('cassandradanger','2016-07-31',0),
('cassandradanger','2016-08-01',0),
('cassandradanger','2016-08-02',1),
('cassandradanger','2016-08-03',1),
('cassandradanger','2016-08-04',0),
('cassandradanger','2016-08-05',0),
('cassandradanger','2016-08-06',0),
('cassandradanger','2016-08-07',0),
('cassandradanger','2016-08-08',0),
('cassandradanger','2016-08-09',0),
('cassandradanger','2016-08-10',0),
('cassandradanger','2016-08-11',0),
('cassandradanger','2016-08-12',0),
('cassandradanger','2016-08-13',0),
('cassandradanger','2016-08-14',0),
('cassandradanger','2016-08-15',0),
('cassandradanger','2016-08-16',0),
('thomcchester','2016-07-18',1),
('thomcchester','2016-07-19',1),
('thomcchester','2016-07-20',1),
('thomcchester','2016-07-21',1),
('thomcchester','2016-07-22',0),
('thomcchester','2016-07-23',1),
('thomcchester','2016-07-24',0),
('thomcchester','2016-07-25',1),
('thomcchester','2016-07-26',0),
('thomcchester','2016-07-27',1),
('thomcchester','2016-07-28',0),
('thomcchester','2016-07-29',0),
('thomcchester','2016-07-30',0),
('thomcchester','2016-07-31',1),
('thomcchester','2016-08-01',1),
('thomcchester','2016-08-02',0),
('thomcchester','2016-08-03',1),
('thomcchester','2016-08-04',1),
('thomcchester','2016-08-05',1),
('thomcchester','2016-08-06',1),
('thomcchester','2016-08-07',1),
('thomcchester','2016-08-08',0),
('thomcchester','2016-08-09',0),
('thomcchester','2016-08-10',0),
('thomcchester','2016-08-11',0),
('thomcchester','2016-08-12',1),
('thomcchester','2016-08-13',0),
('thomcchester','2016-08-14',1),
('thomcchester','2016-08-15',1),
('thomcchester','2016-08-16',1),
('bg87','2016-07-18',1),
('bg87','2016-07-19',1),
('bg87','2016-07-20',0),
('bg87','2016-07-21',0),
('bg87','2016-07-22',0),
('bg87','2016-07-23',0),
('bg87','2016-07-24',0),
('bg87','2016-07-25',0),
('bg87','2016-07-26',0),
('bg87','2016-07-27',0),
('bg87','2016-07-28',0),
('bg87','2016-07-29',0),
('bg87','2016-07-30',1),
('bg87','2016-07-31',0),
('bg87','2016-08-01',0),
('bg87','2016-08-02',0),
('bg87','2016-08-03',0),
('bg87','2016-08-04',0),
('bg87','2016-08-05',0),
('bg87','2016-08-06',0),
('bg87','2016-08-07',0),
('bg87','2016-08-08',0),
('bg87','2016-08-09',1),
('bg87','2016-08-10',1),
('bg87','2016-08-11',1),
('bg87','2016-08-12',1),
('bg87','2016-08-13',1),
('bg87','2016-08-14',1),
('bg87','2016-08-15',1),
('bg87','2016-08-16',1),
('wallacewylie','2016-07-18',1),
('wallacewylie','2016-07-19',1),
('wallacewylie','2016-07-20',1),
('wallacewylie','2016-07-21',1),
('wallacewylie','2016-07-22',1),
('wallacewylie','2016-07-23',1),
('wallacewylie','2016-07-24',0),
('wallacewylie','2016-07-26',1),
('wallacewylie','2016-07-27',1),
('wallacewylie','2016-07-28',1),
('wallacewylie','2016-07-29',1),
('wallacewylie','2016-07-30',1),
('wallacewylie','2016-07-31',1),
('wallacewylie','2016-08-01',1),
('wallacewylie','2016-08-02',1),
('wallacewylie','2016-08-04',1),
('wallacewylie','2016-08-05',1),
('wallacewylie','2016-08-06',1),
('wallacewylie','2016-08-07',1),
('wallacewylie','2016-08-08',1),
('wallacewylie','2016-08-09',1),
('wallacewylie','2016-08-10',1),
('wallacewylie','2016-08-11',1),
('wallacewylie','2016-08-12',1),
('wallacewylie','2016-08-13',1),
('wallacewylie','2016-08-14',1),
('wallacewylie','2016-08-15',1),
('wallacewylie','2016-08-16',1),
('sionowen','2016-07-18',1),
('sionowen','2016-07-19',1),
('sionowen','2016-07-20',1),
('sionowen','2016-07-21',1),
('sionowen','2016-07-22',0),
('sionowen','2016-07-23',0),
('sionowen','2016-07-24',0),
('sionowen','2016-07-25',0),
('sionowen','2016-07-26',0),
('sionowen','2016-07-27',0),
('sionowen','2016-07-28',0),
('sionowen','2016-07-29',0),
('sionowen','2016-07-30',0),
('sionowen','2016-07-31',0),
('sionowen','2016-08-01',0),
('sionowen','2016-08-02',0),
('sionowen','2016-08-03',0),
('sionowen','2016-08-04',0),
('sionowen','2016-08-05',0),
('sionowen','2016-08-06',0),
('sionowen','2016-08-07',1),
('sionowen','2016-08-08',0),
('sionowen','2016-08-09',0),
('sionowen','2016-08-10',1),
('sionowen','2016-08-11',0),
('sionowen','2016-08-12',0),
('sionowen','2016-08-13',0),
('sionowen','2016-08-14',0),
('sionowen','2016-08-15',1),
('sionowen','2016-08-16',1);
